-- phpMyAdmin SQL Dump
-- version 3.5.5
-- http://www.phpmyadmin.net
--
-- Host: localhost
-- Generation Time: Jun 01, 2015 at 08:01 AM
-- Server version: 5.5.43-0ubuntu0.14.04.1
-- PHP Version: 5.5.9-1ubuntu4.9

SET SQL_MODE="NO_AUTO_VALUE_ON_ZERO";
SET time_zone = "+00:00";


/*!40101 SET @OLD_CHARACTER_SET_CLIENT=@@CHARACTER_SET_CLIENT */;
/*!40101 SET @OLD_CHARACTER_SET_RESULTS=@@CHARACTER_SET_RESULTS */;
/*!40101 SET @OLD_COLLATION_CONNECTION=@@COLLATION_CONNECTION */;
/*!40101 SET NAMES utf8 */;

--
-- Database: `pt`
--

-- --------------------------------------------------------

--
-- Table structure for table `found_price`
--

CREATE TABLE IF NOT EXISTS `found_price` (
  `id` int(11) NOT NULL AUTO_INCREMENT,
  `price` decimal(12,2) NOT NULL,
  `ticket_search_id` int(100) NOT NULL,
  `found_date` datetime NOT NULL,
  PRIMARY KEY (`id`)
) ENGINE=InnoDB DEFAULT CHARSET=utf8 AUTO_INCREMENT=1 ;

-- --------------------------------------------------------

--
-- Table structure for table `mine_data_requests`
--

CREATE TABLE IF NOT EXISTS `mine_data_requests` (
  `id` int(11) NOT NULL AUTO_INCREMENT,
  `url` text NOT NULL,
  `done` tinyint(1) NOT NULL DEFAULT '0',
  PRIMARY KEY (`id`)
) ENGINE=InnoDB  DEFAULT CHARSET=utf8 AUTO_INCREMENT=14 ;

--
-- Dumping data for table `mine_data_requests`
--

INSERT INTO `mine_data_requests` (`id`, `url`, `done`) VALUES
(1, 'http://busca.americanas.com.br/busca.php?q=geladeira', 1),
(2, 'http://busca.americanas.com.br/busca.php?q=geladeira', 1),
(3, 'http://busca.americanas.com.br/busca.php?q=geladeira', 1),
(4, 'http://busca.americanas.com.br/busca.php?q=geladeira', 1),
(5, 'http://busca.americanas.com.br/busca.php?q=geladeira', 1),
(6, 'http://busca.americanas.com.br/busca.php?q=geladeira', 1),
(7, 'http://busca.americanas.com.br/busca.php?q=geladeira', 1),
(8, 'http://busca.americanas.com.br/busca.php?q=geladeira\r\n', 1),
(9, 'http://busca.americanas.com.br/busca.php?q=geladeira', 1),
(10, 'http://busca.americanas.com.br/busca.php?q=computador', 1),
(11, 'http://busca.americanas.com.br/busca.php?q=cadeira', 1),
(12, 'http://busca.americanas.com.br/busca.php?q=mesa', 1),
(13, 'http://busca.americanas.com.br/busca.php?q=ultrabook', 1);

-- --------------------------------------------------------

--
-- Table structure for table `notifications`
--

CREATE TABLE IF NOT EXISTS `notifications` (
  `id` int(11) NOT NULL AUTO_INCREMENT,
  `from_price` int(11) NOT NULL,
  `to_price` int(11) NOT NULL,
  `when` datetime NOT NULL,
  `url` text NOT NULL,
  `title` varchar(255) NOT NULL,
  PRIMARY KEY (`id`)
) ENGINE=InnoDB  DEFAULT CHARSET=utf8 AUTO_INCREMENT=123 ;

--
-- Dumping data for table `notifications`
--

INSERT INTO `notifications` (`id`, `from_price`, `to_price`, `when`, `url`, `title`) VALUES
(3, 1, 3723, '2015-05-23 08:28:07', 'http://www.americanas.com.br/produto/117865673/ultrabook-asus-s46ca-intel-core-i7-6gb-1tb-24gb-ssd-led-14-windows-8', 'Ultrabook Asus S46CA Intel Core i7 6GB 1TB +24GB SSD LED 14" Windows 8'),
(4, 1500, 3723, '2015-05-23 08:35:27', 'http://www.americanas.com.br/produto/117865673/ultrabook-asus-s46ca-intel-core-i7-6gb-1tb-24gb-ssd-led-14-windows-8', 'Ultrabook Asus S46CA Intel Core i7 6GB 1TB +24GB SSD LED 14" Windows 8'),
(5, 6000, 3723, '2015-05-23 08:37:20', 'http://www.americanas.com.br/produto/117865673/ultrabook-asus-s46ca-intel-core-i7-6gb-1tb-24gb-ssd-led-14-windows-8', 'Ultrabook Asus S46CA Intel Core i7 6GB 1TB +24GB SSD LED 14" Windows 8'),
(6, 729, 693, '2015-05-23 08:47:39', 'http://www.americanas.com.br/produto/120109596/all-in-one-aoc-com-processador-dual-core-1gb-8gb-led-19-5-branco-android-4.1', 'All in One AOC com Processador Dual Core 1GB 8GB LED 19,5" Branco Android 4.1'),
(7, 1699, 1614, '2015-05-23 08:47:50', 'http://www.americanas.com.br/produto/122639030/computador-space-br-intel-dual-core-8gb-1tb-windows-8-monitor-aoc-led-18-5-widescreen-e970swnl', 'Computador Space BR Intel Dual Core 8GB 1TB Windows 8 + Monitor AOC LED 18,5 Widescreen E970SWNL'),
(8, 2400, 2280, '2015-05-23 08:48:01', 'http://www.americanas.com.br/produto/116107985/geladeira-refrigerador-consul-frost-free-bem-estar-com-horta-em-casa-437-litros-branco', 'Geladeira/Refrigerador Consul Frost Free Bem Estar com Horta em Casa 437 Litros Branco'),
(9, 1100, 1045, '2015-05-23 08:48:07', 'http://www.americanas.com.br/produto/111957518/geladeira-refrigerador-1-porta-electrolux-celebrate-blue-touch-rde33-degelo-autolimpante-236-litros-branco', 'Geladeira / Refrigerador 1 Porta Electrolux Celebrate Blue Touch RDE33 Degelo Autolimpante - 236 Litros - Branco'),
(10, 2200, 2090, '2015-05-23 08:48:13', 'http://www.americanas.com.br/produto/116107926/geladeira-refrigerador-consul-frost-free-bem-estar-com-horta-em-casa-405-litros-branco', 'Geladeira/Refrigerador Consul Frost Free Bem Estar com Horta em Casa 405 Litros  - Branco'),
(11, 3500, 3325, '2015-05-23 08:48:24', 'http://www.americanas.com.br/produto/7408505/geladeira-refrigerador-brastemp-ative-2-portas-brk50-frost-free-429l-inox', 'Geladeira / Refrigerador Brastemp Ative 2 Portas  BRK50 Frost Free 429L Inox'),
(12, 1000, 950, '2015-05-23 08:48:35', 'http://www.americanas.com.br/produto/111957489/geladeira-refrigerador-1-porta-electrolux-re31-214-litros-branco', 'Geladeira /  Refrigerador 1 Porta Electrolux RE31 - 214 Litros - Branco'),
(13, 2830, 2688, '2015-05-23 08:48:40', 'http://www.americanas.com.br/produto/7408493/geladeira-refrigerador-brastemp-ative-frost-free-duplex-brm50-branco-429l', 'Geladeira / Refrigerador Brastemp Ative Frost Free Duplex BRM50 Branco 429L'),
(14, 2700, 2565, '2015-05-23 08:48:46', 'http://www.americanas.com.br/produto/116108013/geladeira-refrigerador-consul-frost-free-bem-estar-evox-com-horta-em-casa-437-litros-platinum', 'Geladeira/Refrigerador Consul Frost Free Bem Estar Evox com Horta em Casa 437 Litros Platinum'),
(15, 2700, 2565, '2015-05-23 08:48:51', 'http://www.americanas.com.br/produto/113260247/geladeira-refrigerador-electrolux-frost-free-duplex-df52-459-litros-branco', 'Geladeira/Refrigerador Electrolux Frost Free  Duplex DF52 - 459 Litros - Branco'),
(16, 1100, 1045, '2015-05-23 08:48:57', 'http://www.americanas.com.br/produto/7428612/geladeira-refrigerador-consul-1-porta-crp28-239-litros-c-dispenser-de-agua-branca', 'Geladeira / Refrigerador Consul 1 Porta CRP28 239 Litros c/ Dispenser de Água - Branca'),
(17, 1511, 1520, '2015-05-23 08:49:03', 'http://www.americanas.com.br/produto/7284474/geladeira-refrigerador-consul-frost-free-crm37-345-litros-branco', 'Geladeira / Refrigerador Consul Frost Free  CRM37 345 Litros - Branco'),
(18, 2100, 1995, '2015-05-23 08:49:09', 'http://www.americanas.com.br/produto/7112348/geladeira-refrigerador-brastemp-clean-frost-free-brm42-378-litros', 'Geladeira / Refrigerador Brastemp Clean Frost Free BRM42 378 Litros'),
(19, 1900, 1805, '2015-05-23 08:49:20', 'http://www.americanas.com.br/produto/7521212/geladeira-refrigerador-electrolux-frost-free-df42-branco-382l', 'Geladeira / Refrigerador Electrolux Frost Free DF42 Branco 382L'),
(20, 1890, 1995, '2015-05-23 08:49:26', 'http://www.americanas.com.br/produto/116080401/geladeira-refrigerador-consul-frost-free-bem-estar-405-litros-branco', 'Geladeira/Refrigerador Consul Frost Free Bem Estar 405 Litros Branco'),
(21, 1800, 1710, '2015-05-23 08:49:31', 'http://www.americanas.com.br/produto/7521204/refrigerador-geladeira-electrolux-frost-free-df36a-branco-310l', 'Refrigerador / Geladeira Electrolux Frost Free DF36A Branco 310L'),
(22, 2600, 2470, '2015-05-23 08:49:37', 'http://www.americanas.com.br/produto/7408487/geladeira-refrigerador-brastemp-duplex-frost-free-ative-brm48-403-litros-branco', 'Geladeira / Refrigerador Brastemp Duplex Frost Free Ative! BRM48 403 Litros Branco'),
(23, 3100, 2945, '2015-05-23 08:49:42', 'http://www.americanas.com.br/produto/7408496/geladeira-refrigerador-duplex-frost-free-brastemp-ative-brm50-429-litros-inox', 'Geladeira / Refrigerador Duplex Frost Free Brastemp Ative! BRM50 - 429 Litros - Inox'),
(24, 1700, 1600, '2015-05-23 08:49:48', 'http://www.americanas.com.br/produto/108559033/geladeira-refrigerador-consul-frost-free-crm33-inox-263l', 'Geladeira / Refrigerador Consul Frost Free CRM33 Inox 263L'),
(25, 2380, 2261, '2015-05-23 08:49:59', 'http://www.americanas.com.br/produto/116107897/geladeira-refrigerador-consul-frost-free-bem-estar-evox-405-litros-platinum', 'Geladeira/Refrigerador Consul Frost Free Bem Estar Evox 405 Litros Platinum'),
(26, 2200, 2090, '2015-05-23 08:50:05', 'http://www.americanas.com.br/produto/7521216/refrigerador-geladeira-electrolux-frost-free-dw42x-inox-386l', 'Refrigerador Geladeira Electrolux Frost Free DW42X Inox 386L'),
(27, 1900, 1805, '2015-05-23 08:50:10', 'http://www.americanas.com.br/produto/7112342/geladeira-refrigerador-brastemp-frost-free-clean-brm39-352l-branco', 'Geladeira / Refrigerador Brastemp Frost Free Clean BRM39 352L Branco'),
(28, 1400, 1330, '2015-05-23 08:50:16', 'http://www.americanas.com.br/produto/108545150/geladeira-refrigerador-consul-frost-free-crm33-branco-263l', 'Geladeira / Refrigerador Consul Frost Free CRM33 Branco 263L'),
(29, 1900, 1805, '2015-05-23 08:50:21', 'http://www.americanas.com.br/produto/110324153/geladeira-refrigerador-continental-duplex-frost-free-rfct451-403-litros-branco', 'Geladeira / Refrigerador Continental Duplex Frost Free  RFCT451 403 Litros - Branco'),
(30, 2700, 2565, '2015-05-23 08:50:32', 'http://www.americanas.com.br/produto/7408490/geladeira-refrigerador-brastemp-ative-2-portas-brm48-frost-free-403l-inox', 'Geladeira / Refrigerador Brastemp Ative 2 Portas  BRM48 Frost Free 403L Inox'),
(31, 2000, 1900, '2015-05-23 08:50:38', 'http://www.americanas.com.br/produto/7112345/geladeira-refrigerador-brastemp-frost-free-clean-brm39-352-litros-inox', 'Geladeira/ Refrigerador Brastemp Frost Free Clean BRM39 352 Litros - Inox'),
(32, 2099, 1994, '2015-05-23 08:50:44', 'http://www.americanas.com.br/produto/120175770/notebook-dell-inspiron-i14-3442-a30-com-intel-core-i5-4gb-1tb-led-14-windows-8.1', 'Notebook Dell Inspiron i14-3442-A30 com Intel Core i5 4GB 1TB LED 14" Windows 8.1'),
(33, 2199, 2089, '2015-05-23 08:50:49', 'http://www.americanas.com.br/produto/121935996/notebook-ultrafino-asus-x550ln-bra-dm547h-intel-core-i5-6gb-500gb-tela-led-15-6-windows-8.1-preto', 'Notebook Ultrafino Asus X550LN-BRA-DM547H Intel Core i5 6GB 500GB Tela LED 15,6" Windows 8.1 - Preto'),
(34, 2149, 2042, '2015-05-23 08:50:55', 'http://www.americanas.com.br/produto/122059289/notebook-samsung-ativ-book-2-com-intel-core-i5-8gb-1tb-led-15-6-windows-8.1-branco', 'Notebook Samsung ATIV Book 2 com Intel Core i5 8GB 1TB LED 15,6'''' Windows 8.1 - Branco'),
(35, 1999, 2199, '2015-05-23 08:51:01', 'http://www.americanas.com.br/produto/120420632/tv-led-lg-49-49lb5500-full-hd-2-hdmi-1-usb', 'TV LED 49" LG 49LB5500 Full HD 2 HDMI 1 USB'),
(36, 275, 265, '2015-05-23 08:51:07', 'http://www.americanas.com.br/produto/111656791/hd-externo-portatil-samsung-1tb-m3-portable-preto?chave=HM_REC1_VT_3&WT.mc_id=HM_REC1_VT_3&DCSext.recom=Neemu_Home_mais-vendidos-1&nm_origem=rec_home_mais-vendidos-1&nm_ranking_rec=3', 'HD Externo Portátil Samsung 1TB M3 Portable Preto'),
(37, 1805, 1710, '2015-05-23 11:04:52', 'http://www.americanas.com.br/produto/110324153/geladeira-refrigerador-continental-duplex-frost-free-rfct451-403-litros-branco', 'Geladeira / Refrigerador Continental Duplex Frost Free  RFCT451 403 Litros - Branco'),
(38, 1995, 1852, '2015-05-23 11:17:29', 'http://www.americanas.com.br/produto/7112348/geladeira-refrigerador-brastemp-clean-frost-free-brm42-378-litros', 'Geladeira / Refrigerador Brastemp Clean Frost Free BRM42 378 Litros'),
(39, 1995, 1947, '2015-05-23 11:17:45', 'http://www.americanas.com.br/produto/116080401/geladeira-refrigerador-consul-frost-free-bem-estar-405-litros-branco', 'Geladeira/Refrigerador Consul Frost Free Bem Estar 405 Litros Branco'),
(40, 1900, 1850, '2015-05-23 11:18:12', 'http://www.americanas.com.br/produto/7521208/refrigerador-geladeira-electrolux-frost-free-df36x-inox-310l', 'Geladeira / Refrigerador Electrolux Frost Free DF36X 310L - Inox'),
(41, 2261, 2090, '2015-05-23 11:18:18', 'http://www.americanas.com.br/produto/116107897/geladeira-refrigerador-consul-frost-free-bem-estar-evox-405-litros-platinum', 'Geladeira/Refrigerador Consul Frost Free Bem Estar Evox 405 Litros Platinum'),
(42, 1519, 1225, '2015-05-23 11:43:33', 'http://www.americanas.com.br/produto/119444135/computador-aoc-all-in-one-20a25u-w81sl-com-intel-dual-core-2gb-500gb-tela-led-19-5-windows-8', 'Computador AOC All in One 20A25U-W81SL com Intel Dual Core 2GB 500GB Tela LED 19,5" Windows 8'),
(43, 2565, 2375, '2015-05-23 11:44:48', 'http://www.americanas.com.br/produto/116108013/geladeira-refrigerador-consul-frost-free-bem-estar-evox-com-horta-em-casa-437-litros-platinum', 'Geladeira/Refrigerador Consul Frost Free Bem Estar Evox com Horta em Casa 437 Litros Platinum'),
(44, 265, 275, '2015-05-23 22:12:18', 'http://www.americanas.com.br/produto/111656791/hd-externo-portatil-samsung-1tb-m3-portable-preto?chave=HM_REC1_VT_3&WT.mc_id=HM_REC1_VT_3&DCSext.recom=Neemu_Home_mais-vendidos-1&nm_origem=rec_home_mais-vendidos-1&nm_ranking_rec=3', 'HD Externo Portátil Samsung 1TB M3 Portable Preto'),
(45, 272, 245, '2015-05-29 21:13:52', 'http://www.americanas.com.br/produto/120374285/pasta-para-ultrabook-e-macbook-air-13-polegadas-gauntlet-preto-em-espuma-de-eva-thule', 'Pasta para Ultrabook e MacBook Air 13 Polegadas Gauntlet Preto em Espuma de EVA - Thule'),
(46, 1234, 1282, '2015-05-29 21:15:19', 'http://www.americanas.com.br/produto/120309951/ultrabook-msi-2-em-1-s100-intel-quad-core-2gb-64gb-ssd-led-10-1-touch-windows-8.1', 'Ultrabook MSI 2 em 1 S100 Intel Quad Core 2GB 64GB SSD LED 10,1 Touch Windows 8.1'),
(47, 2089, 3877, '2015-05-29 21:15:52', 'http://www.americanas.com.br/produto/122608727/ultrabook-asus-s46ca-wx159h-intel-core-i5-8gb-2gb-de-memoria-dedicada-1tb-24gb-ssd-tela-led-14-windows-8-preto', 'Ultrabook ASUS S46CA-WX159H Intel Core i5 8GB (2GB de Memória Dedicada) 1TB + 24GB SSD Tela LED 14" Windows 8 - Preto'),
(48, 389, 350, '2015-05-29 21:17:14', 'http://www.americanas.com.br/produto/122677052/mesa-de-jantar-sofia-1525-cromada-tampo-bp-25mm-nogueira-90x90cm-carraro', 'Mesa de Jantar Sofia 1525 Cromada Tampo BP 25mm Nogueira 90x90cm - Carraro'),
(49, 539, 485, '2015-05-29 21:17:47', 'http://www.americanas.com.br/produto/122769504/mesa-de-jantar-versalhes-tabaco-madesa', 'Mesa de Jantar Versalhes Tabaco - Madesa'),
(50, 219, 197, '2015-05-29 21:18:04', 'http://www.americanas.com.br/produto/121346921/mesa-de-jantar-vega-mdp-mdf-imbuia-madesa', 'Mesa de Jantar Vega MDP/MDF Imbuia - Madesa'),
(51, 1100, 990, '2015-05-29 21:18:09', 'http://www.americanas.com.br/produto/121841210/conjunto-de-mesa-de-jantar-egito-com-6-cadeiras-tabaco-suede-canela-viero-moveis', 'Conjunto de Mesa de Jantar Egito com 6 Cadeiras Tabaco/Suede Canela - Viero Móveis'),
(52, 219, 197, '2015-05-29 21:18:21', 'http://www.americanas.com.br/produto/121346905/mesa-de-jantar-vega-mdp-mdf-branco-madesa', 'Mesa de Jantar Vega MDP/MDF Branco - Madesa'),
(53, 389, 377, '2015-05-29 21:19:07', 'http://www.americanas.com.br/produto/111803990/cadeira-eiffel-com-braco-base-madeira-e-assento-em-polipropileno-branco-rivatti', 'Cadeira Eiffel com Braço, Base Madeira e Assento em Polipropileno Branco - Rivatti'),
(54, 589, 530, '2015-05-29 21:19:13', 'http://www.americanas.com.br/produto/117716168/cadeira-8018-tiffany-matelasse-branco-daf', 'Cadeira 8018 Tiffany Matelassê Branco - DAF'),
(55, 190, 171, '2015-05-29 21:19:18', 'http://www.americanas.com.br/produto/117278241/cadeira-regna-polipropileno-laranja-betili', 'Cadeira Regna Polipropileno Laranja - Betili'),
(56, 180, 162, '2015-05-29 21:19:29', 'http://www.americanas.com.br/produto/122319722/cadeira-sonsuelo-vermelho-by-haus', 'Cadeira Sonsuelo Vermelho - By Haus'),
(57, 319, 287, '2015-05-29 21:19:40', 'http://www.americanas.com.br/produto/120382912/cadeira-secretaria-umix-71-giratoria-com-base-cromada-preta-universalmix', 'Cadeira Secretária UMIX 71 Giratória com Base Cromada Preta - Universalmix'),
(58, 229, 206, '2015-05-29 21:19:46', 'http://www.americanas.com.br/produto/120214610/cadeira-umix-331-preta-em-abs-universal-mix', 'Cadeira Umix 331 Preta em ABS - Universal Mix'),
(59, 729, 656, '2015-05-29 21:19:52', 'http://www.americanas.com.br/produto/117716125/cadeira-8006-1-pinotage-matelasse-suede-marrom-daf', 'Cadeira 8006-1 Pinotage Matelassê Suede Marrom - DAF'),
(60, 359, 323, '2015-05-29 21:19:57', 'http://www.americanas.com.br/produto/111804790/cadeira-presidente-office-vigo-11-tela-mash-preto-rivatti', 'Cadeira Presidente Office Vigo 11 Tela Mash Preto - Rivatti'),
(61, 180, 162, '2015-05-29 21:20:03', 'http://www.americanas.com.br/produto/122319685/cadeira-sonsuelo-azul-by-haus', 'Cadeira Sonsuelo Azul - By Haus'),
(62, 319, 287, '2015-05-29 21:20:09', 'http://www.americanas.com.br/produto/122319301/cadeira-armshell-base-madeira-branco-by-haus', 'Cadeira Armshell Base Madeira Branco - By Haus'),
(63, 319, 287, '2015-05-29 21:20:14', 'http://www.americanas.com.br/produto/122319167/cadeira-armshell-base-cromada-amarelo-by-haus', 'Cadeira Armshell Base Cromada Amarelo - By Haus'),
(64, 249, 224, '2015-05-29 21:20:20', 'http://www.americanas.com.br/produto/122319466/cadeira-eller-polipropileno-branco-by-haus', 'Cadeira Eller Polipropileno Branco - By Haus'),
(65, 289, 350, '2015-05-29 21:20:26', 'http://www.americanas.com.br/produto/115487787/cadeira-eiffel-madeira-e-polipropileno-laranja-rivatti', 'Cadeira Eiffel Madeira e Polipropileno Laranja - Rivatti'),
(66, 399, 359, '2015-05-29 21:20:37', 'http://www.americanas.com.br/produto/122309102/cadeira-eames-round-polipropilneno-branco-by-haus', 'Cadeira Eames Round Polipropilneno Branco - By Haus'),
(67, 359, 323, '2015-05-29 21:20:43', 'http://www.americanas.com.br/produto/122319642/cadeira-stella-medalhao-policarbonato-cristal-by-haus', 'Cadeira Stella Medalhão Policarbonato Cristal - By Haus'),
(68, 299, 269, '2015-05-29 21:20:48', 'http://www.americanas.com.br/produto/122319941/cadeira-tiffany-cristal-transparente-by-haus', 'Cadeira Tiffany Cristal Transparente - By Haus'),
(69, 229, 206, '2015-05-29 21:20:54', 'http://www.americanas.com.br/produto/120214599/cadeira-umix-331-branca-em-abs-universal-mix', 'Cadeira Umix 331 Branca em ABS -  Universal Mix'),
(70, 339, 305, '2015-05-29 21:21:00', 'http://www.americanas.com.br/produto/122320029/cadeira-mari-cristal-transparente-by-haus', 'Cadeira Mari Cristal Transparente - By Haus'),
(71, 180, 162, '2015-05-29 21:21:11', 'http://www.americanas.com.br/produto/122319765/cadeira-sonsuelo-branco-by-haus', 'Cadeira Sonsuelo Branco - By Haus'),
(72, 1340, 1270, '2015-05-29 21:21:27', 'http://www.americanas.com.br/produto/8276880/microcomputador-certo-pc-desempenho-core-i3-425-i3-3250-4gb-hd1tb', 'Microcomputador Certo Pc Desempenho - Core I3 425 - I3-3250, 4gb, Hd1tb'),
(73, 6388, 6421, '2015-05-29 21:21:39', 'http://www.americanas.com.br/produto/9310554/desktop-gamer-thor-z3-core-i5-4690-gtx980-4gb-16gb-1tb-750w-nli44284', 'Desktop Gamer Thor Z3, Core I5 4690, Gtx980 4gb, 16gb, 1tb, 750w - Nli44284'),
(74, 7178, 7212, '2015-05-29 21:21:44', 'http://www.americanas.com.br/produto/9310541/desktop-gamer-odin-core-i7-4790-gtx980-4gb-16gb-1tb-750w-windows-7-nli45785', 'Desktop Gamer Odin, Core I7 4790, Gtx980 4gb, 16gb, 1tb, 750w Windows 7 - Nli45785'),
(75, 4497, 4531, '2015-05-29 21:21:55', 'http://www.americanas.com.br/produto/9310500/desktop-gamer-ares-k1-core-i7-4790-gtx960-2gb-8gb-1tb-600w-nli44278', 'Desktop Gamer Ares K1, Core I7 4790, Gtx960 2gb, 8gb, 1tb, 600w - Nli44278'),
(76, 1567, 1519, '2015-05-29 21:22:01', 'http://www.americanas.com.br/produto/120125131/computador-lenovo-h50-30g-90as0005br-com-intel-core-i3-4gb-1tb-windows-8.1', 'Computador Lenovo H50-30G-90AS0005BR com Intel Core i3 4GB 1TB Windows 8.1'),
(77, 1404, 1414, '2015-05-29 21:22:39', 'http://www.americanas.com.br/produto/9291105/computador-neologic-dual-core-g2030-3.0ghz-hd-500gb-8gb-ram-windows-7-mouse-e-teclado-nli45843', 'Computador Neologic Dual Core G2030 3.0ghz, Hd 500gb, 8gb Ram, Windows 7 Mouse E Teclado Nli45843'),
(78, 1506, 1549, '2015-05-29 21:22:45', 'http://www.americanas.com.br/produto/9291131/computador-neologic-intel-i3-3250-3.5ghz-hd-1tb-4gb-ram-windows-7-mouse-e-teclado-nli45839', 'Computador Neologic Intel I3-3250 3.5ghz, Hd 1tb, 4gb Ram, Windows 7 Mouse E Teclado Nli45839'),
(79, 1225, 1264, '2015-05-29 21:23:07', 'http://www.americanas.com.br/produto/8335249/computador-neologic-intel-i3-3240-3.4ghz-hd-1tb-4gb-ram-linux-mouse-e-teclado-nli45036', 'Computador Neologic Intel I3-3240 3.4ghz, Hd 1tb, 4gb Ram, Linux  Mouse E Teclado Nli45036'),
(80, 680, 630, '2015-05-29 21:23:34', 'http://www.americanas.com.br/produto/8083048/microcomputador-certo-pc-estudo-atom-702-atom-d525-2gb-hd500gb-gravador-de-dvd-e-linux', 'Microcomputador Certo PC Estudo Atom 702 Atom D525 2GB HD500GB Gravador de DVD e Linux'),
(81, 800, 760, '2015-05-29 21:23:40', 'http://www.americanas.com.br/produto/8083049/microcomputador-certo-pc-estudo-atom-706-atom-d525-4gb-1tb-gravador-de-dvd-e-linux', 'Microcomputador Certo PC Estudo Atom 706 Atom D525 4GB 1TB Gravador de DVD e Linux'),
(82, 1225, 1160, '2015-05-29 21:23:45', 'http://www.americanas.com.br/produto/119444135/computador-aoc-all-in-one-20a25u-w81sl-com-intel-dual-core-2gb-500gb-tela-led-19-5-windows-8', 'Computador AOC All in One 20A25U-W81SL com Intel Dual Core 2GB 500GB Tela LED 19,5" Windows 8'),
(83, 664, 702, '2015-05-29 21:24:02', 'http://www.americanas.com.br/produto/120393144/computador-space-br-linux-processador-intel-dual-core-4gb-1tb', 'Computador Space BR Linux Processador Intel Dual Core 4GB 1TB'),
(84, 2280, 2115, '2015-05-29 21:24:19', 'http://www.americanas.com.br/produto/116107985/geladeira-refrigerador-consul-frost-free-bem-estar-com-horta-em-casa-437-litros-branco', 'Geladeira/Refrigerador Consul Frost Free Bem Estar com Horta em Casa 437 Litros Branco'),
(85, 1045, 990, '2015-05-29 21:24:24', 'http://www.americanas.com.br/produto/111957518/geladeira-refrigerador-1-porta-electrolux-celebrate-blue-touch-rde33-degelo-autolimpante-236-litros-branco', 'Geladeira / Refrigerador 1 Porta Electrolux Celebrate Blue Touch RDE33 Degelo Autolimpante - 236 Litros - Branco'),
(86, 2090, 1962, '2015-05-29 21:24:30', 'http://www.americanas.com.br/produto/116107926/geladeira-refrigerador-consul-frost-free-bem-estar-com-horta-em-casa-405-litros-branco', 'Geladeira/Refrigerador Consul Frost Free Bem Estar com Horta em Casa 405 Litros  - Branco'),
(87, 1777, 1900, '2015-05-29 21:24:36', 'http://www.americanas.com.br/produto/121139990/geladeira-refrigerador-brastemp-frost-free-brm42-378l-platinum', 'Geladeira / Refrigerador Brastemp Frost Free BRM42 378L Platinum'),
(88, 3325, 3240, '2015-05-29 21:24:41', 'http://www.americanas.com.br/produto/7408505/geladeira-refrigerador-brastemp-ative-2-portas-brk50-frost-free-429l-inox', 'Geladeira / Refrigerador Brastemp Ative 2 Portas  BRK50 Frost Free 429L Inox'),
(89, 1250, 1000, '2015-05-29 21:24:47', 'http://www.americanas.com.br/produto/111957454/geladeira-refrigerador-electrolux-defrost-cycle-dc35a-2-portas-207-litros-branco', 'Geladeira /  Refrigerador Electrolux Defrost Cycle DC35A 2 Portas 207 Litros Branco'),
(90, 950, 837, '2015-05-29 21:24:52', 'http://www.americanas.com.br/produto/111957489/geladeira-refrigerador-1-porta-electrolux-re31-214-litros-branco', 'Geladeira /  Refrigerador 1 Porta Electrolux RE31 - 214 Litros - Branco'),
(91, 2688, 2700, '2015-05-29 21:24:58', 'http://www.americanas.com.br/produto/7408493/geladeira-refrigerador-brastemp-ative-frost-free-duplex-brm50-branco-429l', 'Geladeira / Refrigerador Brastemp Ative Frost Free Duplex BRM50 Branco 429L'),
(92, 2375, 2304, '2015-05-29 21:25:04', 'http://www.americanas.com.br/produto/116108013/geladeira-refrigerador-consul-frost-free-bem-estar-evox-com-horta-em-casa-437-litros-platinum', 'Geladeira/Refrigerador Consul Frost Free Bem Estar Evox com Horta em Casa 437 Litros Platinum'),
(93, 2565, 2520, '2015-05-29 21:25:10', 'http://www.americanas.com.br/produto/113260247/geladeira-refrigerador-electrolux-frost-free-duplex-df52-459-litros-branco', 'Geladeira/Refrigerador Electrolux Frost Free  Duplex DF52 - 459 Litros - Branco'),
(94, 1045, 1000, '2015-05-29 21:25:15', 'http://www.americanas.com.br/produto/7428612/geladeira-refrigerador-consul-1-porta-crp28-239-litros-c-dispenser-de-agua-branca', 'Geladeira / Refrigerador Consul 1 Porta CRP28 239 Litros c/ Dispenser de Água - Branca'),
(95, 1520, 1667, '2015-05-29 21:25:21', 'http://www.americanas.com.br/produto/7284474/geladeira-refrigerador-consul-frost-free-crm37-345-litros-branco', 'Geladeira / Refrigerador Consul Frost Free  CRM37 345 Litros - Branco'),
(96, 1852, 1890, '2015-05-29 21:25:26', 'http://www.americanas.com.br/produto/7112348/geladeira-refrigerador-brastemp-clean-frost-free-brm42-378-litros', 'Geladeira / Refrigerador Brastemp Clean Frost Free BRM42 378 Litros'),
(97, 1805, 1800, '2015-05-29 21:25:37', 'http://www.americanas.com.br/produto/7521212/geladeira-refrigerador-electrolux-frost-free-df42-branco-382l', 'Geladeira / Refrigerador Electrolux Frost Free DF42 Branco 382L'),
(98, 1947, 1890, '2015-05-29 21:25:43', 'http://www.americanas.com.br/produto/116080401/geladeira-refrigerador-consul-frost-free-bem-estar-405-litros-branco', 'Geladeira/Refrigerador Consul Frost Free Bem Estar 405 Litros Branco'),
(99, 1710, 1620, '2015-05-29 21:25:49', 'http://www.americanas.com.br/produto/7521204/refrigerador-geladeira-electrolux-frost-free-df36a-branco-310l', 'Refrigerador / Geladeira Electrolux Frost Free DF36A Branco 310L'),
(100, 2470, 2160, '2015-05-29 21:25:55', 'http://www.americanas.com.br/produto/7408487/geladeira-refrigerador-brastemp-duplex-frost-free-ative-brm48-403-litros-branco', 'Geladeira / Refrigerador Brastemp Duplex Frost Free Ative! BRM48 403 Litros Branco'),
(101, 2945, 2790, '2015-05-29 21:26:00', 'http://www.americanas.com.br/produto/7408496/geladeira-refrigerador-duplex-frost-free-brastemp-ative-brm50-429-litros-inox', 'Geladeira / Refrigerador Duplex Frost Free Brastemp Ative! BRM50 - 429 Litros - Inox'),
(102, 1600, 1530, '2015-05-29 21:26:06', 'http://www.americanas.com.br/produto/108559033/geladeira-refrigerador-consul-frost-free-crm33-inox-263l', 'Geladeira / Refrigerador Consul Frost Free CRM33 Inox 263L'),
(103, 1850, 1600, '2015-05-29 21:26:12', 'http://www.americanas.com.br/produto/7521208/refrigerador-geladeira-electrolux-frost-free-df36x-inox-310l', 'Geladeira / Refrigerador Electrolux Frost Free DF36X 310L - Inox'),
(104, 2090, 2000, '2015-05-29 21:26:22', 'http://www.americanas.com.br/produto/116107897/geladeira-refrigerador-consul-frost-free-bem-estar-evox-405-litros-platinum', 'Geladeira/Refrigerador Consul Frost Free Bem Estar Evox 405 Litros Platinum'),
(105, 2090, 1800, '2015-05-29 21:26:28', 'http://www.americanas.com.br/produto/7521216/refrigerador-geladeira-electrolux-frost-free-dw42x-inox-386l', 'Refrigerador Geladeira Electrolux Frost Free DW42X Inox 386L'),
(106, 1805, 1400, '2015-05-29 21:26:34', 'http://www.americanas.com.br/produto/7112342/geladeira-refrigerador-brastemp-frost-free-clean-brm39-352l-branco', 'Geladeira / Refrigerador Brastemp Frost Free Clean BRM39 352L Branco'),
(107, 1330, 1260, '2015-05-29 21:26:39', 'http://www.americanas.com.br/produto/108545150/geladeira-refrigerador-consul-frost-free-crm33-branco-263l', 'Geladeira / Refrigerador Consul Frost Free CRM33 Branco 263L'),
(108, 1710, 1710, '2015-05-29 21:26:45', 'http://www.americanas.com.br/produto/110324153/geladeira-refrigerador-continental-duplex-frost-free-rfct451-403-litros-branco', 'Geladeira / Refrigerador Continental Duplex Frost Free  RFCT451 403 Litros - Branco'),
(109, 877, 855, '2015-05-29 21:26:51', 'http://www.americanas.com.br/produto/7425012/geladeira-refrigerador-1-porta-consul-crc28-239-litros-branca', 'Geladeira / Refrigerador 1 Porta Consul CRC28 - 239 Litros - Branca'),
(110, 2565, 2430, '2015-05-29 21:26:57', 'http://www.americanas.com.br/produto/7408490/geladeira-refrigerador-brastemp-ative-2-portas-brm48-frost-free-403l-inox', 'Geladeira / Refrigerador Brastemp Ative 2 Portas  BRM48 Frost Free 403L Inox'),
(111, 1900, 2000, '2015-05-29 21:27:02', 'http://www.americanas.com.br/produto/7112345/geladeira-refrigerador-brastemp-frost-free-clean-brm39-352-litros-inox', 'Geladeira/ Refrigerador Brastemp Frost Free Clean BRM39 352 Litros - Inox'),
(112, 2089, 1888, '2015-05-29 21:27:14', 'http://www.americanas.com.br/produto/121935996/notebook-ultrafino-asus-x550ln-bra-dm547h-intel-core-i5-6gb-500gb-tela-led-15-6-windows-8.1-preto', 'Notebook Ultrafino Asus X550LN-BRA-DM547H Intel Core i5 6GB 500GB Tela LED 15,6" Windows 8.1 - Preto'),
(113, 2042, 1889, '2015-05-29 21:27:19', 'http://www.americanas.com.br/produto/122059289/notebook-samsung-ativ-book-2-com-intel-core-i5-8gb-1tb-led-15-6-windows-8.1-branco', 'Notebook Samsung ATIV Book 2 com Intel Core i5 8GB 1TB LED 15,6'''' Windows 8.1 - Branco'),
(114, 2199, 2349, '2015-05-29 21:27:26', 'http://www.americanas.com.br/produto/120420632/tv-led-lg-49-49lb5500-full-hd-2-hdmi-1-usb', 'TV LED 49" LG 49LB5500 Full HD 2 HDMI 1 USB'),
(115, 275, 269, '2015-05-29 21:27:31', 'http://www.americanas.com.br/produto/111656791/hd-externo-portatil-samsung-1tb-m3-portable-preto?chave=HM_REC1_VT_3&WT.mc_id=HM_REC1_VT_3&DCSext.recom=Neemu_Home_mais-vendidos-1&nm_origem=rec_home_mais-vendidos-1&nm_ranking_rec=3', 'HD Externo Portátil Samsung 1TB M3 Portable Preto'),
(116, 2349, 1658, '2015-05-29 23:06:13', 'http://www.americanas.com.br/produto/120420632/tv-led-lg-49-49lb5500-full-hd-2-hdmi-1-usb', 'TV LED 49" LG 49LB5500 Full HD 2 HDMI 1 USB'),
(117, 1658, 2349, '2015-05-29 23:48:17', 'http://www.americanas.com.br/produto/120420632/tv-led-lg-49-49lb5500-full-hd-2-hdmi-1-usb', 'TV LED 49" LG 49LB5500 Full HD 2 HDMI 1 USB'),
(118, 269, 299, '2015-05-30 00:30:08', 'http://www.americanas.com.br/produto/111656791/hd-externo-portatil-samsung-1tb-m3-portable-preto?chave=HM_REC1_VT_3&WT.mc_id=HM_REC1_VT_3&DCSext.recom=Neemu_Home_mais-vendidos-1&nm_origem=rec_home_mais-vendidos-1&nm_ranking_rec=3', 'HD Externo Portátil Samsung 1TB M3 Portable Preto'),
(119, 1888, 2499, '2015-05-30 00:43:42', 'http://www.americanas.com.br/produto/121935996/notebook-ultrafino-asus-x550ln-bra-dm547h-intel-core-i5-6gb-500gb-tela-led-15-6-windows-8.1-preto', 'Notebook Ultrafino Asus X550LN-BRA-DM547H Intel Core i5 6GB 500GB Tela LED 15,6" Windows 8.1 - Preto'),
(120, 1282, 1329, '2015-05-30 00:46:17', 'http://www.americanas.com.br/produto/120309951/ultrabook-msi-2-em-1-s100-intel-quad-core-2gb-64gb-ssd-led-10-1-touch-windows-8.1', 'Ultrabook MSI 2 em 1 S100 Intel Quad Core 2GB 64GB SSD LED 10,1 Touch Windows 8.1'),
(121, 299, 289, '2015-05-30 00:57:52', 'http://www.americanas.com.br/produto/111656791/hd-externo-portatil-samsung-1tb-m3-portable-preto?chave=HM_REC1_VT_3&WT.mc_id=HM_REC1_VT_3&DCSext.recom=Neemu_Home_mais-vendidos-1&nm_origem=rec_home_mais-vendidos-1&nm_ranking_rec=3', 'HD Externo Portátil Samsung 1TB M3 Portable Preto'),
(122, 2349, 1999, '2015-05-30 02:07:36', 'http://www.americanas.com.br/produto/120420632/tv-led-lg-49-49lb5500-full-hd-2-hdmi-1-usb', 'TV LED 49" LG 49LB5500 Full HD 2 HDMI 1 USB');

-- --------------------------------------------------------

--
-- Table structure for table `prices`
--

CREATE TABLE IF NOT EXISTS `prices` (
  `id` int(11) NOT NULL AUTO_INCREMENT,
  `track_id` int(11) NOT NULL,
  `price` decimal(12,2) NOT NULL,
  `when` datetime NOT NULL,
  PRIMARY KEY (`id`)
) ENGINE=InnoDB  DEFAULT CHARSET=utf8 AUTO_INCREMENT=484 ;

--
-- Dumping data for table `prices`
--

INSERT INTO `prices` (`id`, `track_id`, `price`, `when`) VALUES
(4, 1, 265.49, '2015-05-20 16:39:43'),
(13, 2, 1799.10, '2015-05-20 17:29:05'),
(14, 4, 2149.00, '2015-05-20 17:39:49'),
(15, 5, 2499.00, '2015-05-20 17:42:28'),
(16, 5, 2499.00, '2015-05-20 17:49:24'),
(17, 5, 2499.00, '2015-05-20 17:50:20'),
(18, 5, 2499.00, '2015-05-20 17:54:04'),
(19, 5, 2499.00, '2015-05-20 17:56:46'),
(20, 5, 2499.00, '2015-05-20 17:57:10'),
(21, 5, 2499.00, '2015-05-20 17:57:33'),
(22, 5, 2499.00, '2015-05-20 17:58:05'),
(23, 5, 2499.00, '2015-05-20 17:58:28'),
(24, 5, 2499.00, '2015-05-20 17:59:53'),
(25, 5, 2499.00, '2015-05-20 18:00:46'),
(26, 1, 265.49, '2015-05-20 18:02:29'),
(27, 1, 265.49, '2015-05-20 18:05:23'),
(28, 6, 2099.00, '2015-05-20 18:06:22'),
(29, 5, 2199.00, '2015-05-21 22:54:03'),
(30, 2, 1999.00, '2015-05-21 22:54:03'),
(31, 7, 1999.90, '2015-05-22 00:19:53'),
(32, 11, 1259.91, '2015-05-22 00:19:56'),
(33, 8, 2699.90, '2015-05-22 00:19:56'),
(34, 10, 1709.91, '2015-05-22 00:19:56'),
(35, 9, 999.90, '2015-05-22 00:19:56'),
(36, 12, 1899.90, '2015-05-22 00:19:58'),
(37, 17, 3099.90, '2015-05-22 00:20:00'),
(38, 15, 1899.90, '2015-05-22 00:20:01'),
(39, 14, 2141.91, '2015-05-22 00:20:01'),
(40, 13, 1979.91, '2015-05-22 00:20:01'),
(41, 19, 1619.91, '2015-05-22 00:20:03'),
(42, 16, 1529.91, '2015-05-22 00:33:09'),
(43, 18, 2339.91, '2015-05-22 00:34:56'),
(44, 20, 1889.91, '2015-05-22 00:35:02'),
(45, 21, 1709.91, '2015-05-22 00:35:06'),
(46, 22, 1799.91, '2015-05-22 00:35:10'),
(47, 23, 1889.91, '2015-05-22 00:35:13'),
(48, 24, 1439.91, '2015-05-22 00:35:18'),
(49, 25, 989.91, '2015-05-22 00:35:22'),
(50, 26, 2699.90, '2015-05-22 00:35:26'),
(51, 27, 2429.91, '2015-05-22 00:35:30'),
(52, 28, 2829.90, '2015-05-22 00:35:34'),
(53, 29, 999.90, '2015-05-22 00:35:38'),
(54, 30, 1124.91, '2015-05-22 00:35:42'),
(55, 31, 3149.91, '2015-05-22 00:35:46'),
(56, 32, 1776.67, '2015-05-22 00:35:50'),
(57, 33, 1979.91, '2015-05-22 00:35:54'),
(58, 34, 989.91, '2015-05-22 00:35:58'),
(59, 35, 2159.91, '2015-05-22 00:36:02'),
(60, 36, 4319.00, '2015-05-22 00:36:06'),
(61, 37, 1699.00, '2015-05-22 00:37:47'),
(62, 39, 729.00, '2015-05-22 00:37:52'),
(63, 41, 1599.00, '2015-05-22 00:37:56'),
(64, 42, 799.90, '2015-05-22 00:38:00'),
(65, 43, 679.90, '2015-05-22 00:38:04'),
(66, 44, 2099.00, '2015-05-22 00:38:08'),
(67, 45, 1449.00, '2015-05-22 00:38:12'),
(68, 46, 1149.00, '2015-05-22 00:38:16'),
(69, 47, 799.90, '2015-05-22 00:38:20'),
(70, 48, 1224.79, '2015-05-22 00:38:24'),
(71, 49, 759.90, '2015-05-22 00:38:28'),
(72, 50, 939.90, '2015-05-22 00:38:31'),
(73, 51, 669.99, '2015-05-22 00:38:35'),
(74, 52, 1506.07, '2015-05-22 00:38:39'),
(75, 53, 1404.23, '2015-05-22 00:38:43'),
(76, 54, 2699.00, '2015-05-22 00:38:47'),
(77, 55, 12900.00, '2015-05-22 00:38:51'),
(78, 56, 710.00, '2015-05-22 00:38:56'),
(79, 57, 3562.90, '2015-05-22 00:39:00'),
(80, 58, 4129.90, '2015-05-22 00:39:04'),
(81, 59, 2879.00, '2015-05-22 00:39:08'),
(82, 60, 1649.00, '2015-05-22 00:39:11'),
(83, 61, 4497.04, '2015-05-22 00:39:15'),
(84, 62, 1609.90, '2015-05-22 00:39:19'),
(85, 63, 7178.38, '2015-05-22 00:39:23'),
(86, 64, 6387.78, '2015-05-22 00:39:27'),
(87, 65, 1882.95, '2015-05-22 00:39:31'),
(88, 66, 1339.90, '2015-05-22 00:39:35'),
(89, 67, 219.90, '2015-05-22 00:40:05'),
(90, 68, 289.99, '2015-05-22 00:40:09'),
(91, 69, 161.91, '2015-05-22 00:40:13'),
(92, 70, 499.90, '2015-05-22 00:40:17'),
(93, 71, 305.10, '2015-05-22 00:40:21'),
(94, 72, 206.10, '2015-05-22 00:40:25'),
(95, 73, 269.10, '2015-05-22 00:40:29'),
(96, 74, 323.10, '2015-05-22 00:40:32'),
(97, 75, 359.10, '2015-05-22 00:40:36'),
(98, 76, 529.60, '2015-05-22 00:40:40'),
(99, 77, 260.10, '2015-05-22 00:40:45'),
(100, 78, 224.10, '2015-05-22 00:40:48'),
(101, 79, 287.10, '2015-05-22 00:40:52'),
(102, 80, 287.10, '2015-05-22 00:40:56'),
(103, 81, 161.91, '2015-05-22 00:41:00'),
(104, 82, 369.00, '2015-05-22 00:41:04'),
(105, 83, 656.10, '2015-05-22 00:41:08'),
(106, 84, 206.10, '2015-05-22 00:41:12'),
(107, 85, 287.10, '2015-05-22 00:41:16'),
(108, 86, 272.65, '2015-05-22 00:41:20'),
(109, 87, 161.91, '2015-05-22 00:41:24'),
(110, 88, 381.55, '2015-05-22 00:41:28'),
(111, 89, 170.91, '2015-05-22 00:41:32'),
(112, 90, 530.10, '2015-05-22 00:41:35'),
(113, 91, 350.10, '2015-05-22 00:41:39'),
(114, 92, 329.00, '2015-05-22 00:41:43'),
(115, 93, 265.00, '2015-05-22 00:41:47'),
(116, 94, 209.00, '2015-05-22 00:41:51'),
(117, 95, 1399.90, '2015-05-22 00:41:55'),
(118, 96, 272.65, '2015-05-22 00:41:59'),
(119, 97, 499.90, '2015-05-22 00:42:37'),
(120, 98, 143.91, '2015-05-22 00:42:41'),
(121, 99, 197.10, '2015-05-22 00:42:45'),
(122, 100, 116.91, '2015-05-22 00:42:48'),
(123, 101, 899.90, '2015-05-22 00:42:52'),
(124, 102, 197.10, '2015-05-22 00:42:56'),
(125, 103, 499.90, '2015-05-22 00:43:00'),
(126, 104, 999.90, '2015-05-22 00:43:04'),
(127, 105, 485.10, '2015-05-22 00:43:08'),
(128, 106, 303.29, '2015-05-22 00:43:12'),
(129, 107, 459.90, '2015-05-22 00:43:16'),
(130, 108, 299.90, '2015-05-22 00:43:19'),
(131, 109, 1189.00, '2015-05-22 00:43:23'),
(132, 110, 303.29, '2015-05-22 00:43:27'),
(133, 111, 350.10, '2015-05-22 00:43:31'),
(134, 112, 303.29, '2015-05-22 00:43:35'),
(135, 113, 303.29, '2015-05-22 00:43:39'),
(136, 114, 831.47, '2015-05-22 00:43:43'),
(137, 115, 303.29, '2015-05-22 00:43:47'),
(138, 116, 829.00, '2015-05-22 00:43:51'),
(139, 117, 303.29, '2015-05-22 00:43:55'),
(140, 118, 973.79, '2015-05-22 00:43:59'),
(141, 119, 829.00, '2015-05-22 00:44:03'),
(142, 120, 831.47, '2015-05-22 00:44:07'),
(143, 121, 973.79, '2015-05-22 00:44:11'),
(144, 123, 973.79, '2015-05-22 00:44:15'),
(145, 124, 599.00, '2015-05-22 00:44:19'),
(146, 125, 879.00, '2015-05-22 00:44:23'),
(147, 101, 0.00, '2015-05-22 02:04:57'),
(148, 104, 0.00, '2015-05-22 02:05:01'),
(149, 107, 0.00, '2015-05-22 02:05:06'),
(150, 104, 999.90, '2015-05-22 02:05:54'),
(151, 107, 459.90, '2015-05-22 02:05:58'),
(152, 104, 0.00, '2015-05-22 02:06:49'),
(153, 107, 0.00, '2015-05-22 02:07:37'),
(154, 101, 899.90, '2015-05-22 02:08:27'),
(155, 104, 999.90, '2015-05-22 02:08:32'),
(156, 101, 0.00, '2015-05-22 02:09:18'),
(157, 104, 0.00, '2015-05-22 02:09:23'),
(158, 101, 899.90, '2015-05-22 02:10:10'),
(159, 104, 999.90, '2015-05-22 02:10:14'),
(160, 107, 459.90, '2015-05-22 02:10:18'),
(161, 101, 0.00, '2015-05-22 02:11:03'),
(162, 101, 899.90, '2015-05-22 02:11:50'),
(163, 104, 0.00, '2015-05-22 02:11:54'),
(164, 101, 0.00, '2015-05-22 02:12:40'),
(165, 107, 0.00, '2015-05-22 02:12:45'),
(166, 101, 899.90, '2015-05-22 02:14:55'),
(167, 104, 999.90, '2015-05-22 02:14:59'),
(168, 107, 459.90, '2015-05-22 02:15:03'),
(169, 101, 0.00, '2015-05-22 02:15:48'),
(170, 101, 899.90, '2015-05-22 02:16:34'),
(171, 104, 0.00, '2015-05-22 02:16:38'),
(172, 107, 0.00, '2015-05-22 02:16:42'),
(173, 101, 0.00, '2015-05-22 02:17:27'),
(174, 101, 899.90, '2015-05-22 02:21:04'),
(175, 104, 999.90, '2015-05-22 02:21:08'),
(176, 101, 0.00, '2015-05-22 02:22:36'),
(177, 104, 0.00, '2015-05-22 02:22:41'),
(178, 101, 899.90, '2015-05-22 02:25:33'),
(179, 104, 999.90, '2015-05-22 02:26:20'),
(180, 107, 459.90, '2015-05-22 02:26:25'),
(181, 101, 0.00, '2015-05-22 02:27:09'),
(182, 104, 0.00, '2015-05-22 02:27:13'),
(183, 107, 0.00, '2015-05-22 02:27:17'),
(184, 101, 899.90, '2015-05-22 02:28:02'),
(185, 104, 999.90, '2015-05-22 02:28:06'),
(186, 107, 459.90, '2015-05-22 02:28:10'),
(187, 101, 0.00, '2015-05-22 02:28:55'),
(188, 104, 0.00, '2015-05-22 02:29:00'),
(189, 107, 0.00, '2015-05-22 02:29:04'),
(190, 101, 899.90, '2015-05-22 02:29:49'),
(191, 104, 999.90, '2015-05-22 02:29:53'),
(192, 107, 459.90, '2015-05-22 02:29:57'),
(193, 101, 0.00, '2015-05-22 02:30:41'),
(194, 104, 0.00, '2015-05-22 02:30:45'),
(195, 107, 0.00, '2015-05-22 02:30:49'),
(196, 101, 899.90, '2015-05-22 02:31:40'),
(197, 104, 999.90, '2015-05-22 02:32:27'),
(198, 107, 459.90, '2015-05-22 02:32:31'),
(199, 40, 1199.00, '2015-05-22 06:42:51'),
(200, 38, 699.00, '2015-05-22 06:43:39'),
(201, 126, 2199.00, '2015-05-22 07:38:15'),
(202, 127, 3579.00, '2015-05-22 07:38:16'),
(203, 128, 1799.00, '2015-05-22 07:38:16'),
(204, 129, 9999.00, '2015-05-22 07:38:16'),
(205, 130, 6999.00, '2015-05-22 07:38:17'),
(206, 131, 6199.00, '2015-05-22 07:38:17'),
(207, 132, 1299.00, '2015-05-22 07:38:18'),
(208, 133, 8399.00, '2015-05-22 07:38:18'),
(209, 134, 5677.26, '2015-05-22 07:38:18'),
(210, 135, 5399.00, '2015-05-22 07:38:21'),
(211, 136, 7499.00, '2015-05-22 07:38:21'),
(212, 137, 27.90, '2015-05-22 07:38:21'),
(213, 138, 3429.90, '2015-05-22 07:38:22'),
(214, 139, 349.90, '2015-05-22 07:38:27'),
(215, 140, 639.90, '2015-05-22 07:38:28'),
(216, 141, 189.90, '2015-05-22 07:38:28'),
(217, 142, 179.00, '2015-05-22 07:38:28'),
(218, 143, 82.90, '2015-05-22 07:38:29'),
(219, 144, 69.90, '2015-05-22 07:38:29'),
(220, 145, 69.90, '2015-05-22 07:38:29'),
(221, 146, 82.90, '2015-05-22 07:38:30'),
(222, 147, 82.90, '2015-05-22 07:38:30'),
(223, 148, 272.00, '2015-05-22 07:38:30'),
(224, 147, 82.90, '2015-05-22 07:43:35'),
(225, 26, 2429.91, '2015-05-22 08:36:48'),
(226, 26, 2699.90, '2015-05-22 08:50:51'),
(227, 71, 0.00, '2015-05-22 09:42:52'),
(228, 17, 2789.91, '2015-05-22 09:47:41'),
(229, 12, 1709.91, '2015-05-22 09:48:11'),
(230, 1, 274.90, '2015-05-22 09:49:08'),
(231, 32, 2199.90, '2015-05-22 10:00:37'),
(232, 17, 3099.90, '2015-05-22 10:02:01'),
(233, 12, 1899.90, '2015-05-22 10:02:31'),
(234, 1, 265.49, '2015-05-22 10:17:26'),
(235, 32, 1776.67, '2015-05-22 10:28:37'),
(236, 71, 305.10, '2015-05-22 10:39:10'),
(237, 40, 0.00, '2015-05-22 10:41:54'),
(238, 38, 0.00, '2015-05-22 10:42:05'),
(239, 1, 274.90, '2015-05-22 10:45:16'),
(240, 28, 2546.91, '2015-05-22 10:56:49'),
(241, 7, 1799.91, '2015-05-22 10:58:44'),
(242, 105, 539.00, '2015-05-22 11:03:59'),
(243, 91, 389.00, '2015-05-22 11:05:19'),
(244, 90, 589.00, '2015-05-22 11:05:28'),
(245, 84, 229.00, '2015-05-22 11:06:04'),
(246, 34, 1099.90, '2015-05-22 11:10:31'),
(247, 33, 2199.90, '2015-05-22 11:10:41'),
(248, 23, 2099.90, '2015-05-22 11:11:38'),
(249, 18, 2599.90, '2015-05-22 11:12:10'),
(250, 13, 2199.90, '2015-05-22 11:12:40'),
(251, 111, 389.00, '2015-05-22 11:17:51'),
(252, 102, 219.00, '2015-05-22 11:18:42'),
(253, 87, 179.90, '2015-05-22 11:20:04'),
(254, 83, 729.00, '2015-05-22 11:20:29'),
(255, 81, 179.90, '2015-05-22 11:20:43'),
(256, 77, 289.00, '2015-05-22 11:21:08'),
(257, 75, 399.00, '2015-05-22 11:21:22'),
(258, 74, 359.00, '2015-05-22 11:21:30'),
(259, 72, 229.00, '2015-05-22 11:21:44'),
(260, 31, 3499.90, '2015-05-22 11:25:26'),
(261, 30, 1249.90, '2015-05-22 11:25:35'),
(262, 23, 1889.91, '2015-05-22 11:26:17'),
(263, 21, 1899.90, '2015-05-22 11:26:31'),
(264, 20, 2099.90, '2015-05-22 11:26:40'),
(265, 19, 1799.90, '2015-05-22 11:26:49'),
(266, 16, 1699.90, '2015-05-22 11:27:09'),
(267, 14, 2379.90, '2015-05-22 11:27:24'),
(268, 11, 1399.90, '2015-05-22 11:27:44'),
(269, 9, 877.00, '2015-05-22 11:27:58'),
(270, 7, 1999.90, '2015-05-22 11:28:13'),
(271, 100, 129.90, '2015-05-22 11:34:04'),
(272, 99, 219.00, '2015-05-22 11:34:13'),
(273, 98, 159.90, '2015-05-22 11:34:22'),
(274, 89, 189.90, '2015-05-22 11:35:14'),
(275, 85, 319.00, '2015-05-22 11:35:42'),
(276, 80, 319.00, '2015-05-22 11:36:13'),
(277, 79, 319.00, '2015-05-22 11:36:23'),
(278, 78, 249.00, '2015-05-22 11:36:31'),
(279, 73, 299.00, '2015-05-22 11:37:02'),
(280, 71, 339.00, '2015-05-22 11:37:16'),
(281, 69, 179.90, '2015-05-22 11:37:30'),
(282, 35, 2399.90, '2015-05-22 11:40:35'),
(283, 34, 989.91, '2015-05-22 11:40:44'),
(284, 27, 2699.90, '2015-05-22 11:41:25'),
(285, 25, 1099.90, '2015-05-22 11:41:39'),
(286, 24, 1510.65, '2015-05-22 11:41:47'),
(287, 23, 2099.90, '2015-05-22 11:41:56'),
(288, 22, 1999.90, '2015-05-22 11:42:05'),
(289, 10, 1899.90, '2015-05-22 11:43:12'),
(290, 28, 2829.90, '2015-05-22 11:55:39'),
(291, 20, 1889.91, '2015-05-22 11:56:26'),
(292, 34, 1099.90, '2015-05-22 12:09:16'),
(293, 136, 7124.05, '2015-05-22 20:00:55'),
(294, 135, 5129.05, '2015-05-22 20:01:04'),
(295, 134, 0.00, '2015-05-22 20:01:13'),
(296, 133, 7979.05, '2015-05-22 20:01:19'),
(297, 132, 1234.05, '2015-05-22 20:01:28'),
(298, 131, 5889.05, '2015-05-22 20:01:37'),
(299, 130, 6649.05, '2015-05-22 20:01:46'),
(300, 129, 9499.05, '2015-05-22 20:01:55'),
(301, 128, 1709.05, '2015-05-22 20:02:07'),
(302, 127, 3400.05, '2015-05-22 20:02:16'),
(303, 126, 2089.05, '2015-05-22 20:02:24'),
(304, 101, 1099.90, '2015-05-22 20:04:45'),
(305, 97, 699.90, '2015-05-22 20:05:14'),
(306, 82, 359.00, '2015-05-22 20:06:39'),
(307, 70, 699.90, '2015-05-22 20:07:49'),
(308, 67, 349.90, '2015-05-22 20:08:09'),
(309, 60, 1566.55, '2015-05-22 20:08:50'),
(310, 54, 2564.05, '2015-05-22 20:09:26'),
(311, 46, 1091.55, '2015-05-22 20:10:14'),
(312, 45, 1376.55, '2015-05-22 20:10:23'),
(313, 44, 1994.05, '2015-05-22 20:10:32'),
(314, 41, 1519.05, '2015-05-22 20:10:52'),
(315, 154, 3722.60, '2015-05-23 08:16:22'),
(316, 129, 9499.05, '2015-05-23 08:18:41'),
(317, 148, 272.00, '2015-05-23 08:26:31'),
(318, 154, 3722.60, '2015-05-23 08:28:07'),
(319, 154, 3722.60, '2015-05-23 08:35:27'),
(320, 154, 3722.60, '2015-05-23 08:37:19'),
(321, 40, 1139.05, '2015-05-23 08:47:34'),
(322, 39, 692.55, '2015-05-23 08:47:39'),
(323, 38, 664.05, '2015-05-23 08:47:45'),
(324, 37, 1614.05, '2015-05-23 08:47:50'),
(325, 35, 2279.90, '2015-05-23 08:48:01'),
(326, 34, 1044.90, '2015-05-23 08:48:07'),
(327, 33, 2089.90, '2015-05-23 08:48:13'),
(328, 31, 3324.90, '2015-05-23 08:48:24'),
(329, 29, 949.90, '2015-05-23 08:48:35'),
(330, 28, 2688.40, '2015-05-23 08:48:40'),
(331, 27, 2564.90, '2015-05-23 08:48:46'),
(332, 26, 2564.90, '2015-05-23 08:48:51'),
(333, 25, 1044.90, '2015-05-23 08:48:57'),
(334, 24, 1519.90, '2015-05-23 08:49:03'),
(335, 23, 1994.90, '2015-05-23 08:49:09'),
(336, 21, 1804.90, '2015-05-23 08:49:20'),
(337, 20, 1994.90, '2015-05-23 08:49:25'),
(338, 19, 1709.90, '2015-05-23 08:49:31'),
(339, 18, 2469.90, '2015-05-23 08:49:37'),
(340, 17, 2944.90, '2015-05-23 08:49:42'),
(341, 16, 1599.90, '2015-05-23 08:49:48'),
(342, 14, 2260.90, '2015-05-23 08:49:59'),
(343, 13, 2089.90, '2015-05-23 08:50:05'),
(344, 12, 1804.90, '2015-05-23 08:50:10'),
(345, 11, 1329.90, '2015-05-23 08:50:16'),
(346, 10, 1804.90, '2015-05-23 08:50:21'),
(347, 8, 2564.90, '2015-05-23 08:50:32'),
(348, 7, 1899.90, '2015-05-23 08:50:38'),
(349, 6, 1994.05, '2015-05-23 08:50:44'),
(350, 5, 2089.05, '2015-05-23 08:50:49'),
(351, 4, 2041.55, '2015-05-23 08:50:55'),
(352, 2, 2199.00, '2015-05-23 08:51:01'),
(353, 1, 265.49, '2015-05-23 08:51:07'),
(354, 127, 0.00, '2015-05-23 09:17:15'),
(355, 38, 0.00, '2015-05-23 09:39:07'),
(356, 127, 3400.05, '2015-05-23 09:45:00'),
(357, 38, 664.05, '2015-05-23 10:20:48'),
(358, 40, 0.00, '2015-05-23 10:48:20'),
(359, 127, 0.00, '2015-05-23 10:54:27'),
(360, 38, 0.00, '2015-05-23 11:02:22'),
(361, 10, 1709.90, '2015-05-23 11:04:52'),
(362, 23, 1852.40, '2015-05-23 11:17:29'),
(363, 20, 1947.40, '2015-05-23 11:17:45'),
(364, 15, 1849.90, '2015-05-23 11:18:12'),
(365, 14, 2089.90, '2015-05-23 11:18:18'),
(366, 41, 1224.55, '2015-05-23 11:43:33'),
(367, 27, 2374.90, '2015-05-23 11:44:48'),
(368, 42, 0.00, '2015-05-23 12:25:01'),
(369, 42, 799.90, '2015-05-23 21:54:46'),
(370, 1, 274.90, '2015-05-23 22:12:18'),
(371, 40, 1139.05, '2015-05-23 22:36:42'),
(372, 38, 664.05, '2015-05-23 22:50:57'),
(373, 46, 0.00, '2015-05-23 23:59:39'),
(374, 38, 0.00, '2015-05-24 00:14:12'),
(375, 46, 1091.55, '2015-05-24 00:27:23'),
(376, 40, 0.00, '2015-05-24 01:09:49'),
(377, 38, 664.05, '2015-05-24 02:05:48'),
(378, 38, 0.00, '2015-05-24 02:33:48'),
(379, 39, 0.00, '2015-05-24 02:47:44'),
(380, 40, 1139.05, '2015-05-24 03:15:36'),
(381, 39, 692.55, '2015-05-24 03:15:42'),
(382, 38, 664.05, '2015-05-24 03:15:47'),
(383, 154, 0.00, '2015-05-29 21:13:19'),
(384, 148, 244.80, '2015-05-29 21:13:52'),
(385, 138, 0.00, '2015-05-29 21:14:46'),
(386, 134, 5677.26, '2015-05-29 21:15:08'),
(387, 132, 1281.55, '2015-05-29 21:15:19'),
(388, 131, 0.00, '2015-05-29 21:15:25'),
(389, 126, 3876.60, '2015-05-29 21:15:52'),
(390, 111, 350.10, '2015-05-29 21:17:14'),
(391, 105, 485.10, '2015-05-29 21:17:47'),
(392, 102, 197.10, '2015-05-29 21:18:04'),
(393, 101, 989.91, '2015-05-29 21:18:09'),
(394, 99, 197.10, '2015-05-29 21:18:20'),
(395, 95, 0.00, '2015-05-29 21:18:45'),
(396, 93, 0.00, '2015-05-29 21:18:56'),
(397, 92, 0.00, '2015-05-29 21:19:02'),
(398, 91, 377.10, '2015-05-29 21:19:07'),
(399, 90, 530.10, '2015-05-29 21:19:13'),
(400, 89, 170.91, '2015-05-29 21:19:18'),
(401, 87, 161.91, '2015-05-29 21:19:29'),
(402, 85, 287.10, '2015-05-29 21:19:40'),
(403, 84, 206.10, '2015-05-29 21:19:46'),
(404, 83, 656.10, '2015-05-29 21:19:52'),
(405, 82, 323.10, '2015-05-29 21:19:57'),
(406, 81, 161.91, '2015-05-29 21:20:03'),
(407, 80, 287.10, '2015-05-29 21:20:09'),
(408, 79, 287.10, '2015-05-29 21:20:14'),
(409, 78, 224.10, '2015-05-29 21:20:20'),
(410, 77, 350.10, '2015-05-29 21:20:25'),
(411, 75, 359.10, '2015-05-29 21:20:37'),
(412, 74, 323.10, '2015-05-29 21:20:43'),
(413, 73, 269.10, '2015-05-29 21:20:48'),
(414, 72, 206.10, '2015-05-29 21:20:54'),
(415, 71, 305.10, '2015-05-29 21:21:00'),
(416, 69, 161.91, '2015-05-29 21:21:11'),
(417, 66, 1269.90, '2015-05-29 21:21:27'),
(418, 65, 0.00, '2015-05-29 21:21:33'),
(419, 64, 6421.28, '2015-05-29 21:21:39'),
(420, 63, 7211.88, '2015-05-29 21:21:44'),
(421, 61, 4530.54, '2015-05-29 21:21:55'),
(422, 60, 1519.05, '2015-05-29 21:22:01'),
(423, 59, 0.00, '2015-05-29 21:22:06'),
(424, 58, 0.00, '2015-05-29 21:22:12'),
(425, 57, 0.00, '2015-05-29 21:22:17'),
(426, 53, 1413.61, '2015-05-29 21:22:39'),
(427, 52, 1548.95, '2015-05-29 21:22:45'),
(428, 48, 1263.83, '2015-05-29 21:23:07'),
(429, 43, 629.90, '2015-05-29 21:23:34'),
(430, 42, 759.90, '2015-05-29 21:23:39'),
(431, 41, 1160.10, '2015-05-29 21:23:45'),
(432, 38, 702.05, '2015-05-29 21:24:02'),
(433, 35, 2114.91, '2015-05-29 21:24:18'),
(434, 34, 989.91, '2015-05-29 21:24:24'),
(435, 33, 1961.91, '2015-05-29 21:24:30'),
(436, 32, 1899.90, '2015-05-29 21:24:35'),
(437, 31, 3239.91, '2015-05-29 21:24:41'),
(438, 30, 1000.00, '2015-05-29 21:24:47'),
(439, 29, 836.91, '2015-05-29 21:24:52'),
(440, 28, 2699.91, '2015-05-29 21:24:58'),
(441, 27, 2303.91, '2015-05-29 21:25:04'),
(442, 26, 2519.91, '2015-05-29 21:25:09'),
(443, 25, 999.90, '2015-05-29 21:25:15'),
(444, 24, 1666.56, '2015-05-29 21:25:21'),
(445, 23, 1889.91, '2015-05-29 21:25:26'),
(446, 21, 1799.91, '2015-05-29 21:25:37'),
(447, 20, 1889.91, '2015-05-29 21:25:43'),
(448, 19, 1619.91, '2015-05-29 21:25:49'),
(449, 18, 2159.91, '2015-05-29 21:25:55'),
(450, 17, 2789.91, '2015-05-29 21:26:00'),
(451, 16, 1529.91, '2015-05-29 21:26:06'),
(452, 15, 1599.90, '2015-05-29 21:26:12'),
(453, 14, 1999.90, '2015-05-29 21:26:22'),
(454, 13, 1799.91, '2015-05-29 21:26:28'),
(455, 12, 1399.90, '2015-05-29 21:26:34'),
(456, 11, 1259.91, '2015-05-29 21:26:39'),
(457, 10, 1709.91, '2015-05-29 21:26:45'),
(458, 9, 854.91, '2015-05-29 21:26:51'),
(459, 8, 2429.91, '2015-05-29 21:26:56'),
(460, 7, 1999.90, '2015-05-29 21:27:02'),
(461, 6, 0.00, '2015-05-29 21:27:08'),
(462, 5, 1887.78, '2015-05-29 21:27:13'),
(463, 4, 1889.00, '2015-05-29 21:27:19'),
(464, 2, 2349.00, '2015-05-29 21:27:25'),
(465, 1, 269.00, '2015-05-29 21:27:31'),
(466, 95, 1399.90, '2015-05-29 22:01:19'),
(467, 81, 0.00, '2015-05-29 22:30:49'),
(468, 2, 0.00, '2015-05-29 22:37:58'),
(469, 2, 2349.00, '2015-05-29 22:52:04'),
(470, 2, 1657.95, '2015-05-29 23:06:13'),
(471, 81, 161.91, '2015-05-29 23:13:08'),
(472, 2, 2349.00, '2015-05-29 23:48:17'),
(473, 1, 299.00, '2015-05-30 00:30:08'),
(474, 90, 0.00, '2015-05-30 00:36:10'),
(475, 5, 2499.00, '2015-05-30 00:43:42'),
(476, 132, 1329.05, '2015-05-30 00:46:16'),
(477, 1, 289.00, '2015-05-30 00:57:52'),
(478, 90, 530.10, '2015-05-30 01:03:53'),
(479, 90, 0.00, '2015-05-30 01:45:43'),
(480, 90, 530.10, '2015-05-30 01:59:47'),
(481, 2, 1999.00, '2015-05-30 02:07:36'),
(482, 90, 0.00, '2015-05-30 02:13:42'),
(483, 90, 530.10, '2015-05-30 02:27:30');

-- --------------------------------------------------------

--
-- Table structure for table `ticket_prices`
--

CREATE TABLE IF NOT EXISTS `ticket_prices` (
  `id` int(11) NOT NULL AUTO_INCREMENT,
  `ticket_search_id` int(11) NOT NULL,
  `price_date` datetime NOT NULL,
  `service_name` varchar(100) NOT NULL,
  `price` decimal(12,2) NOT NULL,
  `from_price` decimal(12,2) NOT NULL,
  PRIMARY KEY (`id`)
) ENGINE=InnoDB  DEFAULT CHARSET=utf8 AUTO_INCREMENT=4 ;

--
-- Dumping data for table `ticket_prices`
--

INSERT INTO `ticket_prices` (`id`, `ticket_search_id`, `price_date`, `service_name`, `price`, `from_price`) VALUES
(1, 1, '2015-05-31 14:25:07', 'GolSearcher', 559.60, 1.00),
(2, 1, '2015-05-31 14:25:41', 'GolSearcher', 559.60, 400.00),
(3, 1, '2015-06-01 00:08:29', 'GolSearcher', 215.20, 559.60);

-- --------------------------------------------------------

--
-- Table structure for table `ticket_search`
--

CREATE TABLE IF NOT EXISTS `ticket_search` (
  `id` int(11) NOT NULL AUTO_INCREMENT,
  `start_date` date NOT NULL,
  `end_date` date NOT NULL,
  `from` varchar(20) NOT NULL,
  `to` varchar(20) NOT NULL,
  `smallest_price` decimal(12,2) DEFAULT NULL,
  `active` tinyint(1) NOT NULL DEFAULT '1',
  `smallest_service_name` varchar(50) DEFAULT NULL,
  PRIMARY KEY (`id`)
) ENGINE=InnoDB  DEFAULT CHARSET=utf8 AUTO_INCREMENT=5 ;

--
-- Dumping data for table `ticket_search`
--

INSERT INTO `ticket_search` (`id`, `start_date`, `end_date`, `from`, `to`, `smallest_price`, `active`, `smallest_service_name`) VALUES
(1, '2015-09-18', '2015-09-20', 'VIX', 'SDU', 215.20, 1, 'GolSearcher'),
(2, '2016-03-02', '2016-03-20', 'VIX', 'GRU', 296.80, 1, 'AzulSearcher'),
(3, '2015-09-18', '2015-09-21', 'VIX', 'SDU', 215.20, 1, 'GolSearcher'),
(4, '2015-09-18', '2015-09-20', 'VIX', 'CGH', 287.80, 1, 'GolSearcher');

-- --------------------------------------------------------

--
-- Table structure for table `track`
--

CREATE TABLE IF NOT EXISTS `track` (
  `id` int(11) NOT NULL AUTO_INCREMENT,
  `title` varchar(255) NOT NULL,
  `price` decimal(12,2) NOT NULL,
  `when` datetime NOT NULL,
  `url` text NOT NULL,
  PRIMARY KEY (`id`)
) ENGINE=InnoDB  DEFAULT CHARSET=utf8 AUTO_INCREMENT=156 ;

--
-- Dumping data for table `track`
--

INSERT INTO `track` (`id`, `title`, `price`, `when`, `url`) VALUES
(1, 'HD Externo Portátil Samsung 1TB M3 Portable Preto', 289.00, '2015-05-30 00:57:52', 'http://www.americanas.com.br/produto/111656791/hd-externo-portatil-samsung-1tb-m3-portable-preto?chave=HM_REC1_VT_3&WT.mc_id=HM_REC1_VT_3&DCSext.recom=Neemu_Home_mais-vendidos-1&nm_origem=rec_home_mais-vendidos-1&nm_ranking_rec=3'),
(2, 'TV LED 49" LG 49LB5500 Full HD 2 HDMI 1 USB', 1999.00, '2015-05-30 02:07:36', 'http://www.americanas.com.br/produto/120420632/tv-led-lg-49-49lb5500-full-hd-2-hdmi-1-usb'),
(4, 'Notebook Samsung ATIV Book 2 com Intel Core i5 8GB 1TB LED 15,6'''' Windows 8.1 - Branco', 1889.00, '2015-05-29 21:27:19', 'http://www.americanas.com.br/produto/122059289/notebook-samsung-ativ-book-2-com-intel-core-i5-8gb-1tb-led-15-6-windows-8.1-branco'),
(5, 'Notebook Ultrafino Asus X550LN-BRA-DM547H Intel Core i5 6GB 500GB Tela LED 15,6" Windows 8.1 - Preto', 2499.00, '2015-05-30 00:43:42', 'http://www.americanas.com.br/produto/121935996/notebook-ultrafino-asus-x550ln-bra-dm547h-intel-core-i5-6gb-500gb-tela-led-15-6-windows-8.1-preto'),
(6, '0', 0.00, '2015-05-29 21:27:08', 'http://www.americanas.com.br/produto/120175770/notebook-dell-inspiron-i14-3442-a30-com-intel-core-i5-4gb-1tb-led-14-windows-8.1'),
(7, 'Geladeira/ Refrigerador Brastemp Frost Free Clean BRM39 352 Litros - Inox', 1999.90, '2015-05-29 21:27:02', 'http://www.americanas.com.br/produto/7112345/geladeira-refrigerador-brastemp-frost-free-clean-brm39-352-litros-inox'),
(8, 'Geladeira / Refrigerador Brastemp Ative 2 Portas  BRM48 Frost Free 403L Inox', 2429.91, '2015-05-29 21:26:56', 'http://www.americanas.com.br/produto/7408490/geladeira-refrigerador-brastemp-ative-2-portas-brm48-frost-free-403l-inox'),
(9, 'Geladeira / Refrigerador 1 Porta Consul CRC28 - 239 Litros - Branca', 854.91, '2015-05-29 21:26:51', 'http://www.americanas.com.br/produto/7425012/geladeira-refrigerador-1-porta-consul-crc28-239-litros-branca'),
(10, 'Geladeira / Refrigerador Continental Duplex Frost Free  RFCT451 403 Litros - Branco', 1709.91, '2015-05-29 21:26:45', 'http://www.americanas.com.br/produto/110324153/geladeira-refrigerador-continental-duplex-frost-free-rfct451-403-litros-branco'),
(11, 'Geladeira / Refrigerador Consul Frost Free CRM33 Branco 263L', 1259.91, '2015-05-29 21:26:39', 'http://www.americanas.com.br/produto/108545150/geladeira-refrigerador-consul-frost-free-crm33-branco-263l'),
(12, 'Geladeira / Refrigerador Brastemp Frost Free Clean BRM39 352L Branco', 1399.90, '2015-05-29 21:26:34', 'http://www.americanas.com.br/produto/7112342/geladeira-refrigerador-brastemp-frost-free-clean-brm39-352l-branco'),
(13, 'Refrigerador Geladeira Electrolux Frost Free DW42X Inox 386L', 1799.91, '2015-05-29 21:26:28', 'http://www.americanas.com.br/produto/7521216/refrigerador-geladeira-electrolux-frost-free-dw42x-inox-386l'),
(14, 'Geladeira/Refrigerador Consul Frost Free Bem Estar Evox 405 Litros Platinum', 1999.90, '2015-05-29 21:26:22', 'http://www.americanas.com.br/produto/116107897/geladeira-refrigerador-consul-frost-free-bem-estar-evox-405-litros-platinum'),
(15, 'Geladeira / Refrigerador Electrolux Frost Free DF36X 310L - Inox', 1599.90, '2015-05-29 21:26:12', 'http://www.americanas.com.br/produto/7521208/refrigerador-geladeira-electrolux-frost-free-df36x-inox-310l'),
(16, 'Geladeira / Refrigerador Consul Frost Free CRM33 Inox 263L', 1529.91, '2015-05-29 21:26:06', 'http://www.americanas.com.br/produto/108559033/geladeira-refrigerador-consul-frost-free-crm33-inox-263l'),
(17, 'Geladeira / Refrigerador Duplex Frost Free Brastemp Ative! BRM50 - 429 Litros - Inox', 2789.91, '2015-05-29 21:26:00', 'http://www.americanas.com.br/produto/7408496/geladeira-refrigerador-duplex-frost-free-brastemp-ative-brm50-429-litros-inox'),
(18, 'Geladeira / Refrigerador Brastemp Duplex Frost Free Ative! BRM48 403 Litros Branco', 2159.91, '2015-05-29 21:25:55', 'http://www.americanas.com.br/produto/7408487/geladeira-refrigerador-brastemp-duplex-frost-free-ative-brm48-403-litros-branco'),
(19, 'Refrigerador / Geladeira Electrolux Frost Free DF36A Branco 310L', 1619.91, '2015-05-29 21:25:49', 'http://www.americanas.com.br/produto/7521204/refrigerador-geladeira-electrolux-frost-free-df36a-branco-310l'),
(20, 'Geladeira/Refrigerador Consul Frost Free Bem Estar 405 Litros Branco', 1889.91, '2015-05-29 21:25:43', 'http://www.americanas.com.br/produto/116080401/geladeira-refrigerador-consul-frost-free-bem-estar-405-litros-branco'),
(21, 'Geladeira / Refrigerador Electrolux Frost Free DF42 Branco 382L', 1799.91, '2015-05-29 21:25:37', 'http://www.americanas.com.br/produto/7521212/geladeira-refrigerador-electrolux-frost-free-df42-branco-382l'),
(22, 'Geladeira / Refrigerador Continental Duplex 2 Portas Frost Free RFCT501 445 Litros - Branco', 1999.90, '2015-05-22 11:42:05', 'http://www.americanas.com.br/produto/121757974/geladeira-refrigerador-continental-duplex-2-portas-frost-free-rfct501-445-litros-branco'),
(23, 'Geladeira / Refrigerador Brastemp Clean Frost Free BRM42 378 Litros', 1889.91, '2015-05-29 21:25:26', 'http://www.americanas.com.br/produto/7112348/geladeira-refrigerador-brastemp-clean-frost-free-brm42-378-litros'),
(24, 'Geladeira / Refrigerador Consul Frost Free  CRM37 345 Litros - Branco', 1666.56, '2015-05-29 21:25:21', 'http://www.americanas.com.br/produto/7284474/geladeira-refrigerador-consul-frost-free-crm37-345-litros-branco'),
(25, 'Geladeira / Refrigerador Consul 1 Porta CRP28 239 Litros c/ Dispenser de Água - Branca', 999.90, '2015-05-29 21:25:15', 'http://www.americanas.com.br/produto/7428612/geladeira-refrigerador-consul-1-porta-crp28-239-litros-c-dispenser-de-agua-branca'),
(26, 'Geladeira/Refrigerador Electrolux Frost Free  Duplex DF52 - 459 Litros - Branco', 2519.91, '2015-05-29 21:25:10', 'http://www.americanas.com.br/produto/113260247/geladeira-refrigerador-electrolux-frost-free-duplex-df52-459-litros-branco'),
(27, 'Geladeira/Refrigerador Consul Frost Free Bem Estar Evox com Horta em Casa 437 Litros Platinum', 2303.91, '2015-05-29 21:25:04', 'http://www.americanas.com.br/produto/116108013/geladeira-refrigerador-consul-frost-free-bem-estar-evox-com-horta-em-casa-437-litros-platinum'),
(28, 'Geladeira / Refrigerador Brastemp Ative Frost Free Duplex BRM50 Branco 429L', 2699.91, '2015-05-29 21:24:58', 'http://www.americanas.com.br/produto/7408493/geladeira-refrigerador-brastemp-ative-frost-free-duplex-brm50-branco-429l'),
(29, 'Geladeira /  Refrigerador 1 Porta Electrolux RE31 - 214 Litros - Branco', 836.91, '2015-05-29 21:24:52', 'http://www.americanas.com.br/produto/111957489/geladeira-refrigerador-1-porta-electrolux-re31-214-litros-branco'),
(30, 'Geladeira /  Refrigerador Electrolux Defrost Cycle DC35A 2 Portas 207 Litros Branco', 1000.00, '2015-05-29 21:24:47', 'http://www.americanas.com.br/produto/111957454/geladeira-refrigerador-electrolux-defrost-cycle-dc35a-2-portas-207-litros-branco'),
(31, 'Geladeira / Refrigerador Brastemp Ative 2 Portas  BRK50 Frost Free 429L Inox', 3239.91, '2015-05-29 21:24:41', 'http://www.americanas.com.br/produto/7408505/geladeira-refrigerador-brastemp-ative-2-portas-brk50-frost-free-429l-inox'),
(32, 'Geladeira / Refrigerador Brastemp Frost Free BRM42 378L Platinum', 1899.90, '2015-05-29 21:24:35', 'http://www.americanas.com.br/produto/121139990/geladeira-refrigerador-brastemp-frost-free-brm42-378l-platinum'),
(33, 'Geladeira/Refrigerador Consul Frost Free Bem Estar com Horta em Casa 405 Litros  - Branco', 1961.91, '2015-05-29 21:24:30', 'http://www.americanas.com.br/produto/116107926/geladeira-refrigerador-consul-frost-free-bem-estar-com-horta-em-casa-405-litros-branco'),
(34, 'Geladeira / Refrigerador 1 Porta Electrolux Celebrate Blue Touch RDE33 Degelo Autolimpante - 236 Litros - Branco', 989.91, '2015-05-29 21:24:24', 'http://www.americanas.com.br/produto/111957518/geladeira-refrigerador-1-porta-electrolux-celebrate-blue-touch-rde33-degelo-autolimpante-236-litros-branco'),
(35, 'Geladeira/Refrigerador Consul Frost Free Bem Estar com Horta em Casa 437 Litros Branco', 2114.91, '2015-05-29 21:24:18', 'http://www.americanas.com.br/produto/116107985/geladeira-refrigerador-consul-frost-free-bem-estar-com-horta-em-casa-437-litros-branco'),
(36, 'Refrigerador Brastemp Domest 2 Portas 573 Litros Inox Frost Free 220v', 4319.00, '2015-05-22 00:36:06', 'http://www.americanas.com.br/produto/9289987/refrigerador-brastemp-domest-2-portas-573-litros-inox-frost-free-220v'),
(37, 'Computador Space BR Intel Dual Core 8GB 1TB Windows 8 + Monitor AOC LED 18,5 Widescreen E970SWNL', 1614.05, '2015-05-23 08:47:50', 'http://www.americanas.com.br/produto/122639030/computador-space-br-intel-dual-core-8gb-1tb-windows-8-monitor-aoc-led-18-5-widescreen-e970swnl'),
(38, 'Computador Space BR Linux Processador Intel Dual Core 4GB 1TB', 702.05, '2015-05-29 21:24:02', 'http://www.americanas.com.br/produto/120393144/computador-space-br-linux-processador-intel-dual-core-4gb-1tb'),
(39, 'All in One AOC com Processador Dual Core 1GB 8GB LED 19,5" Branco Android 4.1', 692.55, '2015-05-24 03:15:42', 'http://www.americanas.com.br/produto/120109596/all-in-one-aoc-com-processador-dual-core-1gb-8gb-led-19-5-branco-android-4.1'),
(40, 'Computador Space BR com Intel Dual Core 4GB 1TB Linux + Monitor AOC LED 21,5" Widescreen Full HD', 1139.05, '2015-05-24 03:15:36', 'http://www.americanas.com.br/produto/120769156/computador-space-br-com-intel-dual-core-4gb-1tb-linux-monitor-aoc-led-21-5-widescreen-full-hd'),
(41, 'Computador AOC All in One 20A25U-W81SL com Intel Dual Core 2GB 500GB Tela LED 19,5" Windows 8', 1160.10, '2015-05-29 21:23:45', 'http://www.americanas.com.br/produto/119444135/computador-aoc-all-in-one-20a25u-w81sl-com-intel-dual-core-2gb-500gb-tela-led-19-5-windows-8'),
(42, 'Microcomputador Certo PC Estudo Atom 706 Atom D525 4GB 1TB Gravador de DVD e Linux', 759.90, '2015-05-29 21:23:40', 'http://www.americanas.com.br/produto/8083049/microcomputador-certo-pc-estudo-atom-706-atom-d525-4gb-1tb-gravador-de-dvd-e-linux'),
(43, 'Microcomputador Certo PC Estudo Atom 702 Atom D525 2GB HD500GB Gravador de DVD e Linux', 629.90, '2015-05-29 21:23:34', 'http://www.americanas.com.br/produto/8083048/microcomputador-certo-pc-estudo-atom-702-atom-d525-2gb-hd500gb-gravador-de-dvd-e-linux'),
(44, 'Computador Lenovo H50-30G-90AS0005BR com Intel Core i3 4GB 1TB Windows 8.1 + Monitor LED 21,5" Widescreen E2270SWN - AOC', 1994.05, '2015-05-22 20:10:32', 'http://www.americanas.com.br/produto/120107734/computador-lenovo-h50-30g-90as0005br-com-intel-core-i3-4gb-1tb-windows-8.1-monitor-led-21-5-widescreen-e2270swn-aoc'),
(45, 'Computador Space BR Intel Dual Core 4GB 320GB Windows 8 + Monitor AOC LED 18,5 Widescreen E970SWNL', 1376.55, '2015-05-22 20:10:23', 'http://www.americanas.com.br/produto/122639081/computador-space-br-intel-dual-core-4gb-320gb-windows-8-monitor-aoc-led-18-5-widescreen-e970swnl'),
(46, 'Computador Space BR Processador Intel Celeron Dual Core 8GB 1TB Windows 8 Single', 1091.55, '2015-05-24 00:27:23', 'http://www.americanas.com.br/produto/122180396/computador-space-br-processador-intel-celeron-dual-core-8gb-1tb-windows-8-single'),
(47, 'Microcomputador Certo Pc Estudo - Celeron Dual Core 121 D1800m, 4gb, Hd500gb', 799.90, '2015-05-22 00:38:20', 'http://www.americanas.com.br/produto/8277573/microcomputador-certo-pc-estudo-celeron-dual-core-121-d1800m-4gb-hd500gb'),
(48, 'Computador Neologic Intel I3-3240 3.4ghz, Hd 1tb, 4gb Ram, Linux  Mouse E Teclado Nli45036', 1263.83, '2015-05-29 21:23:07', 'http://www.americanas.com.br/produto/8335249/computador-neologic-intel-i3-3240-3.4ghz-hd-1tb-4gb-ram-linux-mouse-e-teclado-nli45036'),
(49, 'Microcomputador Certo PC Estudo Atom 705 Atom D525 4GB 500GB Gravador de DVD e Linux', 759.90, '2015-05-22 00:38:28', 'http://www.americanas.com.br/produto/8083051/microcomputador-certo-pc-estudo-atom-705-atom-d525-4gb-500gb-gravador-de-dvd-e-linux'),
(50, 'Microcomputador Certo Pc Casa - Dual Core 224 - G2030, 2gb, Hd500gb', 939.90, '2015-05-22 00:38:31', 'http://www.americanas.com.br/produto/8277571/microcomputador-certo-pc-casa-dual-core-224-g2030-2gb-hd500gb'),
(51, 'Microcomputador Certo Pc Estudo - Celeron Dual Core 120 D1800m, 2gb, Hd500gb', 669.99, '2015-05-22 00:38:35', 'http://www.americanas.com.br/produto/8277585/microcomputador-certo-pc-estudo-celeron-dual-core-120-d1800m-2gb-hd500gb'),
(52, 'Computador Neologic Intel I3-3250 3.5ghz, Hd 1tb, 4gb Ram, Windows 7 Mouse E Teclado Nli45839', 1548.95, '2015-05-29 21:22:45', 'http://www.americanas.com.br/produto/9291131/computador-neologic-intel-i3-3250-3.5ghz-hd-1tb-4gb-ram-windows-7-mouse-e-teclado-nli45839'),
(53, 'Computador Neologic Dual Core G2030 3.0ghz, Hd 500gb, 8gb Ram, Windows 7 Mouse E Teclado Nli45843', 1413.61, '2015-05-29 21:22:39', 'http://www.americanas.com.br/produto/9291105/computador-neologic-dual-core-g2030-3.0ghz-hd-500gb-8gb-ram-windows-7-mouse-e-teclado-nli45843'),
(54, 'Computador Gamer Space BR Processador Intel Core i7 3770 8GB 1TB 2GB Vídeo Windows 8 Single', 2564.05, '2015-05-22 20:09:26', 'http://www.americanas.com.br/produto/122180513/computador-gamer-space-br-processador-intel-core-i7-3770-8gb-1tb-2gb-video-windows-8-single'),
(55, 'Computador X5 Gamer Intel I7 5820k, 16gb, Hdssd 2tb, Dvd-Rw, Pv Quadro K4200 4gb, Windows 8.1', 12900.00, '2015-05-22 00:38:51', 'http://www.americanas.com.br/produto/8480292/computador-x5-gamer-intel-i7-5820k-16gb-hdssd-2tb-dvd-rw-pv-quadro-k4200-4gb-windows-8.1'),
(56, 'Computador Movva Desktop Basic Plus Intel Celeron Dual Core 2.41ghz Mem Ram 4gb Hd 320gb', 710.00, '2015-05-22 00:38:56', 'http://www.americanas.com.br/produto/8273715/computador-movva-desktop-basic-plus-intel-celeron-dual-core-2.41ghz-mem-ram-4gb-hd-320gb'),
(57, '0', 0.00, '2015-05-29 21:22:17', 'http://www.americanas.com.br/produto/9439957/computador-dinopc-gamer-cobra-i5-4440-3.1ghz-8gb-1600mhz-hd-1tb-p.-video-gtx750-ti-2gb'),
(58, '0', 0.00, '2015-05-29 21:22:12', 'http://www.americanas.com.br/produto/9439963/computador-dinopc-gamer-bizon-i5-4440-3.1ghz-8gb-1600mhz-hd-1tb-p.-video-gtx960-2gb'),
(59, '0', 0.00, '2015-05-29 21:22:06', 'http://www.americanas.com.br/produto/9439953/computador-dinopc-gamer-warrior-fx6300-3.5ghz-8gb-1600mhz-hd-500gb-p.-video-r7-260x-2g'),
(60, 'Computador Lenovo H50-30G-90AS0005BR com Intel Core i3 4GB 1TB Windows 8.1', 1519.05, '2015-05-29 21:22:01', 'http://www.americanas.com.br/produto/120125131/computador-lenovo-h50-30g-90as0005br-com-intel-core-i3-4gb-1tb-windows-8.1'),
(61, 'Desktop Gamer Ares K1, Core I7 4790, Gtx960 2gb, 8gb, 1tb, 600w - Nli44278', 4530.54, '2015-05-29 21:21:55', 'http://www.americanas.com.br/produto/9310500/desktop-gamer-ares-k1-core-i7-4790-gtx960-2gb-8gb-1tb-600w-nli44278'),
(62, 'Microcomputador Certo PC Desempenho Core i5 505 i5-3330 4GB HD 1TB Gravador de DVD Linux e HDMI', 1609.90, '2015-05-22 00:39:19', 'http://www.americanas.com.br/produto/8083047/microcomputador-certo-pc-desempenho-core-i5-505-i5-3330-4gb-hd-1tb-gravador-de-dvd-linux-e-hdmi'),
(63, 'Desktop Gamer Odin, Core I7 4790, Gtx980 4gb, 16gb, 1tb, 750w Windows 7 - Nli45785', 7211.88, '2015-05-29 21:21:44', 'http://www.americanas.com.br/produto/9310541/desktop-gamer-odin-core-i7-4790-gtx980-4gb-16gb-1tb-750w-windows-7-nli45785'),
(64, 'Desktop Gamer Thor Z3, Core I5 4690, Gtx980 4gb, 16gb, 1tb, 750w - Nli44284', 6421.28, '2015-05-29 21:21:39', 'http://www.americanas.com.br/produto/9310554/desktop-gamer-thor-z3-core-i5-4690-gtx980-4gb-16gb-1tb-750w-nli44284'),
(65, '0', 0.00, '2015-05-29 21:21:33', 'http://www.americanas.com.br/produto/8335095/computador-web-design-2.0-intel-i5-3330-3.0ghz-hd-1tb-4gb-gt630-1gb-128bits-linux-nli43293'),
(66, 'Microcomputador Certo Pc Desempenho - Core I3 425 - I3-3250, 4gb, Hd1tb', 1269.90, '2015-05-29 21:21:27', 'http://www.americanas.com.br/produto/8276880/microcomputador-certo-pc-desempenho-core-i3-425-i3-3250-4gb-hd1tb'),
(67, 'Cadeira Executiva NFX-251 Preta - Classic Home', 349.90, '2015-05-22 20:08:09', 'http://www.americanas.com.br/produto/6834189/cadeira-executiva-nfx-251-preta-classic-home'),
(68, 'Cadeira Giratória Presidente Preta Cld-8009 Pelegrin', 289.99, '2015-05-22 00:40:10', 'http://www.americanas.com.br/produto/8318081/cadeira-giratoria-presidente-preta-cld-8009-pelegrin'),
(69, 'Cadeira Sonsuelo Branco - By Haus', 161.91, '2015-05-29 21:21:11', 'http://www.americanas.com.br/produto/122319765/cadeira-sonsuelo-branco-by-haus'),
(70, 'Conjunto de Mesa de Jantar Suiça com 4 Cadeiras Tabaco/Floral Anis - Viero Móveis', 699.90, '2015-05-22 20:07:49', 'http://www.americanas.com.br/produto/121852656/conjunto-de-mesa-de-jantar-suica-com-4-cadeiras-tabaco-floral-anis-viero-moveis'),
(71, 'Cadeira Mari Cristal Transparente - By Haus', 305.10, '2015-05-29 21:21:00', 'http://www.americanas.com.br/produto/122320029/cadeira-mari-cristal-transparente-by-haus'),
(72, 'Cadeira Umix 331 Branca em ABS -  Universal Mix', 206.10, '2015-05-29 21:20:54', 'http://www.americanas.com.br/produto/120214599/cadeira-umix-331-branca-em-abs-universal-mix'),
(73, 'Cadeira Tiffany Cristal Transparente - By Haus', 269.10, '2015-05-29 21:20:48', 'http://www.americanas.com.br/produto/122319941/cadeira-tiffany-cristal-transparente-by-haus'),
(74, 'Cadeira Stella Medalhão Policarbonato Cristal - By Haus', 323.10, '2015-05-29 21:20:43', 'http://www.americanas.com.br/produto/122319642/cadeira-stella-medalhao-policarbonato-cristal-by-haus'),
(75, 'Cadeira Eames Round Polipropilneno Branco - By Haus', 359.10, '2015-05-29 21:20:37', 'http://www.americanas.com.br/produto/122309102/cadeira-eames-round-polipropilneno-branco-by-haus'),
(76, 'Cadeira Dkr Office Em Polipropileno Com Rodízios Mobitaly - Laranja', 529.60, '2015-05-22 00:40:40', 'http://www.americanas.com.br/produto/9103738/cadeira-dkr-office-em-polipropileno-com-rodizios-mobitaly-laranja'),
(77, 'Cadeira Eiffel Madeira e Polipropileno Laranja - Rivatti', 350.10, '2015-05-29 21:20:26', 'http://www.americanas.com.br/produto/115487787/cadeira-eiffel-madeira-e-polipropileno-laranja-rivatti'),
(78, 'Cadeira Eller Polipropileno Branco - By Haus', 224.10, '2015-05-29 21:20:20', 'http://www.americanas.com.br/produto/122319466/cadeira-eller-polipropileno-branco-by-haus'),
(79, 'Cadeira Armshell Base Cromada Amarelo - By Haus', 287.10, '2015-05-29 21:20:14', 'http://www.americanas.com.br/produto/122319167/cadeira-armshell-base-cromada-amarelo-by-haus'),
(80, 'Cadeira Armshell Base Madeira Branco - By Haus', 287.10, '2015-05-29 21:20:09', 'http://www.americanas.com.br/produto/122319301/cadeira-armshell-base-madeira-branco-by-haus'),
(81, 'Cadeira Sonsuelo Azul - By Haus', 161.91, '2015-05-29 23:13:08', 'http://www.americanas.com.br/produto/122319685/cadeira-sonsuelo-azul-by-haus'),
(82, 'Cadeira Presidente Office Vigo 11 Tela Mash Preto - Rivatti', 323.10, '2015-05-29 21:19:57', 'http://www.americanas.com.br/produto/111804790/cadeira-presidente-office-vigo-11-tela-mash-preto-rivatti'),
(83, 'Cadeira 8006-1 Pinotage Matelassê Suede Marrom - DAF', 656.10, '2015-05-29 21:19:52', 'http://www.americanas.com.br/produto/117716125/cadeira-8006-1-pinotage-matelasse-suede-marrom-daf'),
(84, 'Cadeira Umix 331 Preta em ABS - Universal Mix', 206.10, '2015-05-29 21:19:46', 'http://www.americanas.com.br/produto/120214610/cadeira-umix-331-preta-em-abs-universal-mix'),
(85, 'Cadeira Secretária UMIX 71 Giratória com Base Cromada Preta - Universalmix', 287.10, '2015-05-29 21:19:40', 'http://www.americanas.com.br/produto/120382912/cadeira-secretaria-umix-71-giratoria-com-base-cromada-preta-universalmix'),
(86, 'Cadeira Jacobsen Com Base Em Inox Mobitaly - Branca', 272.65, '2015-05-22 00:41:20', 'http://www.americanas.com.br/produto/9107169/cadeira-jacobsen-com-base-em-inox-mobitaly-branca'),
(87, 'Cadeira Sonsuelo Vermelho - By Haus', 161.91, '2015-05-29 21:19:29', 'http://www.americanas.com.br/produto/122319722/cadeira-sonsuelo-vermelho-by-haus'),
(88, 'Cadeira Em Policarbonato Transparente Com Assento Branco Tiffany Umix 600 - Mix U', 381.55, '2015-05-22 00:41:28', 'http://www.americanas.com.br/produto/8467177/cadeira-em-policarbonato-transparente-com-assento-branco-tiffany-umix-600-mix-u'),
(89, 'Cadeira Regna Polipropileno Laranja - Betili', 170.91, '2015-05-29 21:19:18', 'http://www.americanas.com.br/produto/117278241/cadeira-regna-polipropileno-laranja-betili'),
(90, 'Cadeira 8018 Tiffany Matelassê Branco - DAF', 530.10, '2015-05-30 02:27:30', 'http://www.americanas.com.br/produto/117716168/cadeira-8018-tiffany-matelasse-branco-daf'),
(91, 'Cadeira Eiffel com Braço, Base Madeira e Assento em Polipropileno Branco - Rivatti', 377.10, '2015-05-29 21:19:07', 'http://www.americanas.com.br/produto/111803990/cadeira-eiffel-com-braco-base-madeira-e-assento-em-polipropileno-branco-rivatti'),
(92, '0', 0.00, '2015-05-29 21:19:02', 'http://www.americanas.com.br/produto/8576831/cadeira-design-amarela-yscd-001w'),
(93, '0', 0.00, '2015-05-29 21:18:56', 'http://www.americanas.com.br/produto/8576839/cadeira-design-branca-giratoria-yscd-034cpb'),
(94, 'Cadeira Gruvyer Em Polipropileno Highgloop Mobitaly - Branca', 209.00, '2015-05-22 00:41:51', 'http://www.americanas.com.br/produto/9107303/cadeira-gruvyer-em-polipropileno-highgloop-mobitaly-branca'),
(95, 'Cadeira Dar Patchwork', 1399.90, '2015-05-29 22:01:19', 'http://www.americanas.com.br/produto/8379519/cadeira-dar-patchwork'),
(96, 'Cadeira Jacobsen Com Base Em Inox Mobitaly - Madeira Escura', 272.65, '2015-05-22 00:41:59', 'http://www.americanas.com.br/produto/9107289/cadeira-jacobsen-com-base-em-inox-mobitaly-madeira-escura'),
(97, 'Conjunto de Mesa de Jantar Suiça com 4 Cadeiras Avelã/Suede Canela - Viero Móveis', 699.90, '2015-05-22 20:05:14', 'http://www.americanas.com.br/produto/121852621/conjunto-de-mesa-de-jantar-suica-com-4-cadeiras-avela-suede-canela-viero-moveis'),
(98, 'Mesa de Jantar Bianca Griz (78x120x77,5cm) - Indékes', 159.90, '2015-05-22 11:34:22', 'http://www.americanas.com.br/produto/114321304/mesa-de-jantar-bianca-griz-78x120x77-5cm-indekes'),
(99, 'Mesa de Jantar Vega MDP/MDF Branco - Madesa', 197.10, '2015-05-29 21:18:20', 'http://www.americanas.com.br/produto/121346905/mesa-de-jantar-vega-mdp-mdf-branco-madesa'),
(100, 'Mesa de Jantar Bianca Acácia (78x120x77,5cm) - Indékes', 129.90, '2015-05-22 11:34:04', 'http://www.americanas.com.br/produto/114321283/mesa-de-jantar-bianca-acacia-78x120x77-5cm-indekes'),
(101, 'Conjunto de Mesa de Jantar Egito com 6 Cadeiras Tabaco/Suede Canela - Viero Móveis', 989.91, '2015-05-29 21:18:09', 'http://www.americanas.com.br/produto/121841210/conjunto-de-mesa-de-jantar-egito-com-6-cadeiras-tabaco-suede-canela-viero-moveis'),
(102, 'Mesa de Jantar Vega MDP/MDF Imbuia - Madesa', 197.10, '2015-05-29 21:18:04', 'http://www.americanas.com.br/produto/121346921/mesa-de-jantar-vega-mdp-mdf-imbuia-madesa'),
(103, 'Mesa Atena Amarela', 499.90, '2015-05-22 00:43:00', 'http://www.americanas.com.br/produto/8373755/mesa-atena-amarela'),
(104, 'Conjunto Mesa de Jantar Adradecor + 6 Cadeiras Click Floral Tabaco/Floral Café - Classic Home', 999.90, '2015-05-22 02:32:27', 'http://www.americanas.com.br/produto/116610898/conjunto-mesa-de-jantar-adradecor-6-cadeiras-click-floral-tabaco-floral-cafe-classic-home'),
(105, 'Mesa de Jantar Versalhes Tabaco - Madesa', 485.10, '2015-05-29 21:17:47', 'http://www.americanas.com.br/produto/122769504/mesa-de-jantar-versalhes-tabaco-madesa'),
(106, 'Mesa 1527 Preta Carraro', 303.29, '2015-05-22 00:43:12', 'http://www.americanas.com.br/produto/9146104/mesa-1527-preta-carraro'),
(107, 'Mesa Dobrável Falten Média', 459.90, '2015-05-22 02:32:31', 'http://www.americanas.com.br/produto/8306576/mesa-dobravel-falten-media'),
(108, 'Mesa Dobrável Falten Pequena', 299.90, '2015-05-22 00:43:20', 'http://www.americanas.com.br/produto/8306573/mesa-dobravel-falten-pequena'),
(109, 'Mesa De Jantar Lumina Preto 1,80 X 1,00 - Artesano', 1189.00, '2015-05-22 00:43:23', 'http://www.americanas.com.br/produto/8539869/mesa-de-jantar-lumina-preto-1-80-x-1-00-artesano'),
(110, 'Mesa 1527 Amarelo Ouro Carraro', 303.29, '2015-05-22 00:43:27', 'http://www.americanas.com.br/produto/9146119/mesa-1527-amarelo-ouro-carraro'),
(111, 'Mesa de Jantar Sofia 1525 Cromada Tampo BP 25mm Nogueira 90x90cm - Carraro', 350.10, '2015-05-29 21:17:14', 'http://www.americanas.com.br/produto/122677052/mesa-de-jantar-sofia-1525-cromada-tampo-bp-25mm-nogueira-90x90cm-carraro'),
(112, 'Mesa 1527 Turquesa Carraro', 303.29, '2015-05-22 00:43:35', 'http://www.americanas.com.br/produto/9146070/mesa-1527-turquesa-carraro'),
(113, 'Mesa 1527 Branca Carraro', 303.29, '2015-05-22 00:43:39', 'http://www.americanas.com.br/produto/9146073/mesa-1527-branca-carraro'),
(114, 'Mesa De Jantar Felice Cinza Maxima', 831.47, '2015-05-22 00:43:43', 'http://www.americanas.com.br/produto/9102128/mesa-de-jantar-felice-cinza-maxima'),
(115, 'Mesa 1527 Vermelho Real Carraro', 303.29, '2015-05-22 00:43:47', 'http://www.americanas.com.br/produto/9146066/mesa-1527-vermelho-real-carraro'),
(116, 'Mesa Florença Base Tampo Vidro 1,8M Lopas Imbuia Touch', 829.00, '2015-05-22 00:43:51', 'http://www.americanas.com.br/produto/8181291/mesa-florenca-base-tampo-vidro-1-8m-lopas-imbuia-touch'),
(117, 'Mesa 1527 Azul Noturno Carraro', 303.29, '2015-05-22 00:43:55', 'http://www.americanas.com.br/produto/9146114/mesa-1527-azul-noturno-carraro'),
(118, 'Mesa De Jantar Novita Cacau/Branco Maxima', 973.79, '2015-05-22 00:43:59', 'http://www.americanas.com.br/produto/8166419/mesa-de-jantar-novita-cacau-branco-maxima'),
(119, 'Mesa Florença Base Tampo Vidro 1,8M Lopas Carvalho Touch', 829.00, '2015-05-22 00:44:03', 'http://www.americanas.com.br/produto/8181295/mesa-florenca-base-tampo-vidro-1-8m-lopas-carvalho-touch'),
(120, 'Mesa De Jantar Felice Lilás Maxima', 831.47, '2015-05-22 00:44:07', 'http://www.americanas.com.br/produto/9102164/mesa-de-jantar-felice-lilas-maxima'),
(121, 'Mesa De Jantar Novita Cacau/Verde Limão Maxima', 973.79, '2015-05-22 00:44:11', 'http://www.americanas.com.br/produto/9102173/mesa-de-jantar-novita-cacau-verde-limao-maxima'),
(122, 'empty', 0.00, '2015-05-22 00:41:01', 'http://www.americanas.com.br/produto/8138604/mesa-para-8-cadeiras-mj2103-cor-madeira-noce'),
(123, 'Mesa De Jantar Novita Cacau/Verde Musgo Maxima', 973.79, '2015-05-22 00:44:15', 'http://www.americanas.com.br/produto/9102175/mesa-de-jantar-novita-cacau-verde-musgo-maxima'),
(124, 'Mesa Sâmara New 1,60M Lopas Imbuia Touch', 599.00, '2015-05-22 00:44:19', 'http://www.americanas.com.br/produto/8181581/mesa-samara-new-1-60m-lopas-imbuia-touch'),
(125, 'Mesa Copacabana Base Tampo Vidro 1,8M Lopas Carvalho Tuch', 879.00, '2015-05-22 00:44:23', 'http://www.americanas.com.br/produto/8181600/mesa-copacabana-base-tampo-vidro-1-8m-lopas-carvalho-tuch'),
(126, 'Ultrabook ASUS S46CA-WX159H Intel Core i5 8GB (2GB de Memória Dedicada) 1TB + 24GB SSD Tela LED 14" Windows 8 - Preto', 3876.60, '2015-05-29 21:15:52', 'http://www.americanas.com.br/produto/122608727/ultrabook-asus-s46ca-wx159h-intel-core-i5-8gb-2gb-de-memoria-dedicada-1tb-24gb-ssd-tela-led-14-windows-8-preto'),
(127, 'Ultrabook Asus S46CB-BRAZIL-WX230H Intel Core i7 8GB (2GB de Memória Dedicada) 1TB + 24GB SSD Tela LED 14" Windows 8 - Preto', 0.00, '2015-05-23 10:54:27', 'http://www.americanas.com.br/produto/121460290/ultrabook-asus-s46cb-brazil-wx230h-intel-core-i7-8gb-2gb-de-memoria-dedicada-1tb-24gb-ssd-tela-led-14-windows-8-preto'),
(128, 'Ultrabook Qbex com Intel Core i3 4GB 500GB + 32GB SSD LED 14''''  Windows 8', 1709.05, '2015-05-22 20:02:07', 'http://www.americanas.com.br/produto/112214142/ultrabook-qbex-com-intel-core-i3-4gb-500gb-32gb-ssd-led-14-windows-8'),
(129, 'Ultrabook Asus Zenbook UX301LA com Intel Core i7 8GB 512GB SSD LED 13,3" Touch Windows 8 - Azul Escuro', 9499.05, '2015-05-23 08:18:41', 'http://www.americanas.com.br/produto/121032607/ultrabook-asus-zenbook-ux301la-com-intel-core-i7-8gb-512gb-ssd-led-13-3-touch-windows-8-azul-escuro'),
(130, 'Ultrabook Asus Zenbook UX301LA com Intel Core 4 i5 4GB 128GB SSD LED 13,3" Touch Windows 8 - Branco', 6649.05, '2015-05-22 20:01:46', 'http://www.americanas.com.br/produto/121032586/ultrabook-asus-zenbook-ux301la-com-intel-core-4-i5-4gb-128gb-ssd-led-13-3-touch-windows-8-branco'),
(131, 'Ultrabook Asus Zenbook X302LG com Intel Core i5 4GB 500GB HD LED 13,3" Touch Windows 8 - Azul Escuro', 0.00, '2015-05-29 21:15:25', 'http://www.americanas.com.br/produto/121032623/ultrabook-asus-zenbook-x302lg-com-intel-core-i5-4gb-500gb-hd-led-13-3-touch-windows-8-azul-escuro'),
(132, 'Ultrabook MSI 2 em 1 S100 Intel Quad Core 2GB 64GB SSD LED 10,1 Touch Windows 8.1', 1329.05, '2015-05-30 00:46:17', 'http://www.americanas.com.br/produto/120309951/ultrabook-msi-2-em-1-s100-intel-quad-core-2gb-64gb-ssd-led-10-1-touch-windows-8.1'),
(133, 'Ultrabook Asus Zenbook UX31LA com Intel Core 4 i7 8GB 512GB SSD LED 13,3" Touch Windows 8 - Cinza Escuro', 7979.05, '2015-05-22 20:01:19', 'http://www.americanas.com.br/produto/121032640/ultrabook-asus-zenbook-ux31la-com-intel-core-4-i7-8gb-512gb-ssd-led-13-3-touch-windows-8-cinza-escuro'),
(134, 'Notebook Ultrabook Thinkpad Lenovo T440 20b7002lbr', 5677.26, '2015-05-29 21:15:08', 'http://www.americanas.com.br/produto/8636200/notebook-ultrabook-thinkpad-lenovo-t440-20b7002lbr'),
(135, 'Ultrabook 2 em 1 Asus TAICHI com Duas Telas e Intel Core i5 4GB 128GB SSD LED 11,6" Full HD Touchscreen Windows 8', 5129.05, '2015-05-22 20:01:04', 'http://www.americanas.com.br/produto/112763803/ultrabook-2-em-1-asus-taichi-com-duas-telas-e-intel-core-i5-4gb-128gb-ssd-led-11-6-full-hd-touchscreen-windows-8'),
(136, 'Ultrabook 2 em 1 Asus Taichi com Intel Core i5 4GB 256GB SSD LED 13,3" Touchscreen Windows 8', 7124.05, '2015-05-22 20:00:55', 'http://www.americanas.com.br/produto/117974351/ultrabook-2-em-1-asus-taichi-com-intel-core-i5-4gb-256gb-ssd-led-13-3-touchscreen-windows-8'),
(137, 'Skin Notebook Tablet E Ultrabook Até 17 Pol 6010213 Maxprint', 27.90, '2015-05-22 07:38:22', 'http://www.americanas.com.br/produto/9502255/skin-notebook-tablet-e-ultrabook-ate-17-pol-6010213-maxprint'),
(138, '0', 0.00, '2015-05-29 21:14:46', 'http://www.americanas.com.br/produto/9182345/ssd-desktop-notebook-ultrabook-v310s37a-960g-v310-kingston'),
(139, 'Ssd De 120gb P/ Notebook Desktop Ultrabook Sata Iii Kingston', 349.90, '2015-05-22 07:38:27', 'http://www.americanas.com.br/produto/9182347/ssd-de-120gb-p-notebook-desktop-ultrabook-sata-iii-kingston'),
(140, 'Ssd Desktop Notebook Ultrabook Sv300s37a-240g V300 Kingston', 639.90, '2015-05-22 07:38:28', 'http://www.americanas.com.br/produto/9182348/ssd-desktop-notebook-ultrabook-sv300s37a-240g-v300-kingston'),
(141, 'Bateria Ultrabook Lg 11t540 15u340 Original', 189.90, '2015-05-22 07:38:28', 'http://www.americanas.com.br/produto/9140451/bateria-ultrabook-lg-11t540-15u340-original'),
(142, '76r-F14cu4 Placa Mãe Para Ultrabook Positivo S1990', 179.00, '2015-05-22 07:38:28', 'http://www.americanas.com.br/produto/8466059/76r-f14cu4-placa-mae-para-ultrabook-positivo-s1990'),
(143, 'Fonte Para Notebook Compatível Com Hp Envy Ultrabook 4-1000  - 65w', 82.90, '2015-05-22 07:38:29', 'http://www.americanas.com.br/produto/8709031/fonte-para-notebook-compativel-com-hp-envy-ultrabook-4-1000-65w'),
(144, 'Pelicula Protetora Universal Ultrabook Sony Asus Lenovo Samsung Acer Tela 10.1 Fosca', 69.90, '2015-05-22 07:38:29', 'http://www.americanas.com.br/produto/9252867/pelicula-protetora-universal-ultrabook-sony-asus-lenovo-samsung-acer-tela-10.1-fosca'),
(145, 'Pelicula Protetora Universal Ultrabook Sony Asus Lenovo Samsung Acer Tela 11 Fosca', 69.90, '2015-05-22 07:38:29', 'http://www.americanas.com.br/produto/9404849/pelicula-protetora-universal-ultrabook-sony-asus-lenovo-samsung-acer-tela-11-fosca'),
(146, 'Fonte Para Notebook Compatível Com Hp Envy Ultrabook 6t-1000  - 65w', 82.90, '2015-05-22 07:38:30', 'http://www.americanas.com.br/produto/8709096/fonte-para-notebook-compativel-com-hp-envy-ultrabook-6t-1000-65w'),
(147, 'Fonte Para Notebook Hp Envy Ultrabook 6t  - 65w', 82.90, '2015-05-22 07:43:35', 'http://www.americanas.com.br/produto/8709115/fonte-para-notebook-hp-envy-ultrabook-6t-65w'),
(148, 'Pasta para Ultrabook e MacBook Air 13 Polegadas Gauntlet Preto em Espuma de EVA - Thule', 244.80, '2015-05-29 21:13:52', 'http://www.americanas.com.br/produto/120374285/pasta-para-ultrabook-e-macbook-air-13-polegadas-gauntlet-preto-em-espuma-de-eva-thule'),
(149, 'empty', 0.00, '2015-05-22 07:33:35', 'http://www.americanas.com.br/produto/118750667/ultrabook-conversivel-2-em-1-lenovo-flex-com-intel-core-i5-4gb-500gb-8gb-ssd-led-hd-14-touchscreen-windows-8-office-365-home-premium'),
(150, 'empty', 0.00, '2015-05-22 07:33:35', 'http://www.americanas.com.br/produto/118750632/ultrabook-conversivel-2-em-1-lenovo-flex-com-intel-core-i3-4gb-500gb-8gb-ssd-led-hd-14-touchscreen-windows-8-office-365-home-premium'),
(151, 'empty', 0.00, '2015-05-22 07:33:35', 'http://www.americanas.com.br/produto/117725355/ultrabook-positivo-x8000-com-intel-core-i3-4gb-500gb-led-14-windows-8-office-365-home-premium'),
(152, 'empty', 0.00, '2015-05-22 07:33:35', 'http://www.americanas.com.br/produto/118074048/ultrabook-acer-m5-481t-6417-com-intel-core-i5-6gb-500gb-20gb-ssd-led-14-windows-8-mochila-para-notebook-branca'),
(153, 'empty', 0.00, '2015-05-22 07:33:35', 'http://www.americanas.com.br/produto/118074005/ultrabook-acer-m5-481t-6417-com-intel-core-i5-6gb-500gb-20gb-ssd-led-14-windows-8-mochila-para-notebook'),
(154, 'Ultrabook Asus S46CA Intel Core i7 6GB 1TB +24GB SSD LED 14" Windows 8', 0.00, '2015-05-29 21:13:20', 'http://www.americanas.com.br/produto/117865673/ultrabook-asus-s46ca-intel-core-i7-6gb-1tb-24gb-ssd-led-14-windows-8'),
(155, 'empty', 0.00, '2015-05-22 07:33:35', 'http://www.americanas.com.br/produto/116163303/ultrabook-dell-inspiron-14z-5680-com-intel-core-i5-8gb-1gb-de-memoria-dedicada-500gb-32gb-ssd-led-14-prata-windows-8-mochila-para-notebook-15.6-urban-2.0');

/*!40101 SET CHARACTER_SET_CLIENT=@OLD_CHARACTER_SET_CLIENT */;
/*!40101 SET CHARACTER_SET_RESULTS=@OLD_CHARACTER_SET_RESULTS */;
/*!40101 SET COLLATION_CONNECTION=@OLD_COLLATION_CONNECTION */;
